mmsi,timestamp,distance_from_shore,distance_from_port,speed,course,lat,lon,is_fishing,source,geometry,eez_name,inside_indonesia_eez,distance_to_lane_km,inside_shipping_lane,nearest_port,distance_to_port_km,protected_name,protected_category,protected_no_take,distance_to_protected_km,inside_protected_area,bathymetry_m,year,month,day,hour,minute,day_of_week,is_weekend,time_gap_second,previous_speed,previous_course,acceleration,course_change,distance_previous_km,is_stop,trip_id,speed_change,acceleration_abs,turning_rate,heading_sin,heading_cos,hour_sin,hour_cos,month_sin,month_cos,movement_state,log_distance_port,log_distance_shore,depth_abs,historical_points,trip_length,gps_gap,missing_course,anomaly_score,embedding_norm
33266086194351,2016-03-07 15:40:38,-0.6617833323909948,-0.2711684661211052,1.1767296470768185,-0.8601593763289525,0.34666666,123.95416,-1,crowd_sourced,b'\x01\x01\x00\x00\x00\xfe\xff\xff\xff\x10\xfd^@\x00\x00\x00`\xc9/\xd6?',Indonesian Exclusive Economic Zone,True,-0.15313077011676868,False,GORONTALO,-0.3677594112134065,Bogani Nani Wartabone,II,Not Applicable,-0.7183894799871127,False,0.6061087769649446,2016,3,7,15,40,0,0,1.0,0.0,0.0,157.624491318663,103.0,0.0,0,167,1.4058176573366974,157.7064793121772,101.24435760949981,-0.01501204929501641,0.9998873128387838,-0.7071067811865471,-0.7071067811865479,1.0,6.123233995736766e-17,1,-0.03420890950417402,-0.83957087531293,-0.48405825865622165,-1.649264510227804,-0.9241161100776825,-0.4380937750433577,0,681.7613,68.518486
33266086194351,2016-06-25 20:31:47,-0.3339288414865516,-0.34538932389804156,-0.943389119308986,-1.7710300213070223,1.345,125.95416,-1,crowd_sourced,b'\x01\x01\x00\x00\x00\xfe\xff\xff\xff\x10}_@\x00\x00\x00\xc0\x1e\x85\xf5?',Indonesian Exclusive Economic Zone,True,-0.4438598390544117,False,BITUNG,-0.4254587942307973,Batu Angus,V,Not Applicable,-0.4176952072301631,False,-0.4177099820981211,2016,6,25,20,31,5,1,2.0,5.0,208.0,-35.19003843262141,152.0,0.0,1,212,-0.22352657671582776,35.17787466401355,99.604342750788,-0.03090538306580162,0.9995223145570868,-0.8660254037844386,0.5000000000000001,1.2246467991473532e-16,-1.0,0,-0.14130931882834732,-0.020787649365462634,-0.8487133587158081,-1.649264510227804,-0.951156103670502,-0.4380937750433577,0,273.593,121.515335
165172979135964,2016-10-09 18:49:42,-0.3774345363861752,-0.5154197691072026,1.7446186120298215,-1.4668168991990231,-1.378455,117.30936,-1,false_positives,b'\x01\x01\x00\x00\x00\xff\xff\xff\x7f\xccS]@\x01\x00\x00\xe0&\x0e\xf6\xbf',Indonesian Exclusive Economic Zone,True,-0.546306232523411,True,SENIPAH OIL TERMINAL,-0.5579431098647174,Bukit Soeharto,VI,Not Applicable,-0.5866506784994329,False,0.6177732061205051,2016,10,9,18,49,6,1,3.0,0.8,123.4,62.859201136582854,89.0,821.47284,0,142,1.352702139401446,62.868314879031836,43.679748232091974,-0.025597988046843687,0.99967231781617,-1.0,-1.8369701987210297e-16,-0.8660254037844386,0.5000000000000001,1,-0.43467515385867433,-0.10239624388930366,-0.46148118440335495,1.4350130946115454,-0.7882228089445387,-0.4380937750433577,0,210.04121,21.849606
33266086194351,2016-03-07 15:40:37,-0.6617833323909948,-0.2711684661211052,-0.943389119308986,-1.7710300213070223,0.34666666,123.95416,-1,crowd_sourced,b'\x01\x01\x00\x00\x00\xfe\xff\xff\xff\x10\xfd^@\x00\x00\x00`\xc9/\xd6?',Indonesian Exclusive Economic Zone,True,-0.15313077011676868,False,GORONTALO,-0.3677594112134065,Bogani Nani Wartabone,II,Not Applicable,-0.7183894799871127,False,0.6061087769649446,2016,3,7,15,40,0,0,108046.0,11.6,271.0,-0.006415790502370986,89.0,1391.7649,1,167,-1.7338486540750464,-0.032804088469095855,-0.10709422197366153,-0.03090538306580162,0.9995223145570868,-0.7071067811865471,-0.7071067811865479,1.0,6.123233995736766e-17,0,-0.03420890950417402,-0.83957087531293,-0.48405825865622165,-1.649264510227804,-0.9241161100776825,2.2826163186204402,0,127.90966,53.01954
33266086194351,2016-06-25 20:31:45,-0.3339288414865516,-0.34538932389804156,0.0030924889460195006,0.06839807728946794,1.345,125.95416,-1,crowd_sourced,b'\x01\x01\x00\x00\x00\xfe\xff\xff\xff\x10}_@\x00\x00\x00\xc0\x1e\x85\xf5?',Indonesian Exclusive Economic Zone,True,-0.4438598390544117,False,BITUNG,-0.4254587942307973,Batu Angus,V,Not Applicable,-0.4176952072301631,False,-0.4177099820981211,2016,6,25,20,31,5,1,10543.0,5.5,218.0,-0.00557223606479243,10.0,2333.0505,0,212,-0.12135521442687286,-0.033648291597748466,-0.10684882726665233,0.0011937713671959706,0.9999992874547076,-0.8660254037844386,0.5000000000000001,1.2246467991473532e-16,-1.0,0,-0.14130931882834732,-0.020787649365462634,-0.8487133587158081,-1.649264510227804,-0.951156103670502,2.2826163186204402,0,41.303886,120.77597
23593130178765,2015-07-09 01:17:15,-0.6617833323909948,-0.7369831554229394,-0.943389119308986,-1.7710300213070223,1.3111466,103.72562,-1,gfw,b'\x01\x01\x00\x00\x00\x00\x00\x00\x80p\xeeY@\x01\x00\x00\xe0t\xfa\xf4?',,False,-0.460963326125541,False,PULAU SAMBU,-0.6499682821056231,Muka Kuning,V,Not Applicable,-0.5961045893936945,False,0.6527664935871869,2015,7,9,1,17,3,0,11.0,0.0,194.6,-0.004904776472312219,165.4,0.0010655704,1,2,0.9206567490909591,-0.03431626446484457,27.01717084151895,-0.03090538306580162,0.9995223145570868,0.25881904510252074,0.9659258262890683,-0.4999999999999997,-0.8660254037844388,0,-0.6959008285144206,-0.83957087531293,-0.39374996164475445,-1.1583585892003192,1.1011100767075885,-0.4380937750433577,0,27.93723,9.083733
87919276942456,2014-09-05 18:10:58,-0.6617833323909948,-0.7463537323333495,-0.943389119308986,-0.5152666078421105,-8.743,115.21251,-1,crowd_sourced,b'\x01\x01\x00\x00\x00\x00\x00\x00\xc0\x99\xcd\\@\x01\x00\x00\x80j|!\xc0',,False,-0.5732687278708427,True,BENOA,-0.7391635153826249,Ngurah Rai,VI,Part,-0.7579728551835369,False,0.650115486960923,2014,9,5,18,10,4,0,9.0,0.0,259.0,-0.004904776472312219,117.0,0.0,1,3,0.9206567490909591,-0.03431626446484457,22.91712806418665,-0.008992977612200479,0.9999595623592319,-1.0,-1.8369701987210297e-16,-1.0,-1.8369701987210297e-16,0,-1.0250758377178413,-0.83957087531293,-0.3988811148840425,-0.22613320381479235,1.9760965360444633,-0.4380937750433577,0,19.342976,8.414187
87919276942456,2016-10-01 21:16:23,-0.6617833323909948,-0.7463537323333495,-0.943389119308986,0.9704253179473621,-8.743667,115.21233,-1,crowd_sourced,b'\x01\x01\x00\x00\x00\x01\x00\x00\xe0\x96\xcd\\@\xff\xff\xff\xdf\xc1|!\xc0',,False,-0.5727660929579428,True,BENOA,-0.7393584808436415,Ngurah Rai,VI,Part,-0.7579163080271054,False,0.650115486960923,2016,10,1,21,16,5,1,11.0,0.1,82.0,-0.13285071298872306,132.0,0.0,1,7,0.8977730822338301,0.09372806212964822,21.539513856165875,0.016936307174207618,0.9998565704636345,-0.7071067811865477,0.7071067811865474,-0.8660254037844386,0.5000000000000001,0,-1.0259126713977211,-0.83957087531293,-0.3988811148840425,-0.22613320381479235,-0.0969696394050265,-0.4380937750433577,0,18.034035,8.342254
165172979135964,2015-09-09 15:29:58,-0.6116041348148816,-0.1586510219221884,1.3849556731037356,0.5185273032105411,0.3253,124.17342,-1,false_positives,b'\x01\x01\x00\x00\x00\x01\x00\x00`\x19\x0b_@\x01\x00\x00 \xb7\xd1\xd4?',Indonesian Exclusive Economic Zone,True,-0.3053642144612854,False,GORONTALO,-0.27791643119018433,Bogani Nani Wartabone,II,Not Applicable,-0.6778935571665048,False,0.28957858578905116,2015,9,9,15,29,2,0,8942.0,10.8,219.3,-0.002543886203842194,39.59999,51.275677,0,51,-1.0179686206572904,-0.036678970251526284,-0.1000008304716102,0.00904988516638959,0.9999590489507434,-0.7071067811865471,-0.7071067811865479,-1.0,-1.8369701987210297e-16,1,0.11449324265219007,-0.6724357091055206,-1.096717955427198,1.4350130946115454,-0.9234227769086358,2.2826163186204402,0,18.025438,44.348072
87919276942456,2014-09-05 18:15:41,-0.6617833323909948,-0.7463537323333495,-0.943389119308986,1.2799444691535022,-8.743,115.21251,-1,crowd_sourced,b'\x01\x01\x00\x00\x00\x00\x00\x00\xc0\x99\xcd\\@\x01\x00\x00\x80j|!\xc0',,False,-0.5732687278708427,True,BENOA,-0.7391635153826249,Ngurah Rai,VI,Part,-0.7579728551835369,False,0.650115486960923,2014,9,5,18,15,4,0,9.0,0.0,233.0,-0.004904776472312219,112.0,0.0,1,3,0.9206567490909591,-0.03431626446484457,21.93311764747882,0.022337387239301055,0.9997504894379005,-1.0,-1.8369701987210297e-16,-1.0,-1.8369701987210297e-16,0,-1.0250758377178413,-0.83957087531293,-0.3988811148840425,-0.22613320381479235,1.9760965360444633,-0.4380937750433577,0,17.73559,8.42087
87919276942456,2014-09-05 18:11:26,-0.6617833323909948,-0.7463537323333495,-0.943389119308986,0.9704253179473621,-8.743,115.21251,-1,crowd_sourced,b'\x01\x01\x00\x00\x00\x00\x00\x00\xc0\x99\xcd\\@\x01\x00\x00\x80j|!\xc0',,False,-0.5732687278708427,True,BENOA,-0.7391635153826249,Ngurah Rai,VI,Part,-0.7579728551835369,False,0.650115486960923,2014,9,5,18,11,4,0,15.0,0.0,136.0,-0.004904776472312219,174.0,0.0,1,3,0.9206567490909591,-0.03431626446484457,21.293511251988917,0.016936307174207618,0.9998565704636345,-1.0,-1.8369701987210297e-16,-1.0,-1.8369701987210297e-16,0,-1.0250758377178413,-0.83957087531293,-0.3988811148840425,-0.22613320381479235,1.9760965360444633,-0.4380937750433577,0,16.196432,9.154389
33266086194351,2016-06-25 15:58:45,-0.4195102075210661,-0.46797623142280764,-0.943389119308986,-1.7710300213070223,0.006666667,123.27083,-1,crowd_sourced,b'\x01\x01\x00\x00\x00\xff\xff\xff?U\xd1^@\x00\x00\x00\xc0\x81N{?',Indonesian Exclusive Economic Zone,True,-0.5482689252837624,True,GORONTALO,-0.5216418105216782,Bogani Nani Wartabone,II,Not Applicable,-0.5860422357804678,False,-0.8015757415811142,2016,6,25,15,58,5,1,506432.0,3.3,141.0,-0.004996485478114811,141.0,239.86575,1,212,0.16549576497026228,-0.0342244849350653,-0.10816737924750142,-0.03090538306580162,0.9995223145570868,-0.7071067811865471,-0.7071067811865479,1.2246467991473532e-16,-1.0,0,-0.3463506460528388,-0.18693927555379633,-0.10572236966691881,-1.649264510227804,-0.951156103670502,2.2826163186204402,0,16.034227,77.64899
165172979135964,2016-05-03 02:07:20,-0.5928186180889654,-0.21143692645755344,1.5174630621540284,0.5813155278596431,-7.576667,125.945,-1,false_positives,b'\x01\x01\x00\x00\x00\x01\x00\x00\xe0z|_@\xfd\xff\xff\xbf\x81N\x1e\xc0',Indonesian Exclusive Economic Zone,True,-0.19905888371835387,False,LARANTUKA,0.5091201870714538,Gunung Api Kisar,V,Part,-0.20002682491133347,False,-0.8874683562720601,2016,5,3,2,7,1,0,1.0,13.9,266.0,-12.671547523860662,0.0,0.06441442,0,109,-1.6970396026966006,12.642067096833442,-0.10871531140630948,0.010145695887943612,0.999948531102951,0.49999999999999994,0.8660254037844387,0.49999999999999994,-0.8660254037844387,1,0.9394632274010438,-0.6153698057307184,0.06052699528600929,1.4350130946115454,-0.8478494614825508,-0.4380937750433577,0,13.346801,16.594515
23593130178765,2015-07-12 12:35:15,-0.6468227855291951,-0.7317210810174554,-0.9244594868618123,-0.7788000835712667,1.2420434,103.81336,-1,gfw,b'\x01\x01\x00\x00\x00\x00\x00\x00 \x0e\xf4Y@\xff\xff\xff\xdfh\xdf\xf3?',,False,-0.517980285788449,False,PULAU SAMBU,-0.6955867017263264,Muka Kuning,V,Not Applicable,-0.6490464550137949,False,0.6432228697326373,2015,7,12,12,35,6,1,0.0,0.0,102.8,-0.004904776472312219,9.399994,0.00017800368,1,2,0.9249885430529006,-0.03431626446484457,18.390668510854923,-0.013592207115933603,0.9999076216859824,1.2246467991473532e-16,-1.0,-0.4999999999999997,-0.8660254037844388,0,-0.8521757869312696,-0.7872777132272638,-0.4122221133061909,-1.1583585892003192,1.1011100767075885,-0.4380937750433577,0,13.155949,7.851642
33266086194351,2016-06-25 17:36:01,-0.5912145787328859,-0.5412447991994945,0.09774064977152006,0.15683212049122225,1.0033333,104.97083,-1,crowd_sourced,"b'\x01\x01\x00\x00\x00\x00\x00\x00 "">Z@\xff\xff\xff?\xa7\r\xf0?'",Indonesian Exclusive Economic Zone,True,-0.5779432191005988,True,KIJANG,-0.578532786626913,Gunung Kijang,Ia,Not Applicable,-0.5923917542245993,False,0.6278470313003075,2016,6,25,17,36,5,1,5836.0,0.0,0.0,0.008358982027323308,142.0,2037.7771,0,212,1.158905413447556,-0.030859402635132448,-0.060838156690422224,0.0027372334573486693,0.9999962537694829,-0.9659258262890683,-0.25881904510252063,1.2246467991473532e-16,-1.0,0,-0.488054694352129,-0.6106197548514102,-0.4419828020940607,-1.649264510227804,-0.951156103670502,2.2826163186204402,0,12.02486,78.20423
33266086194351,2016-06-25 17:36:02,-0.5912145787328859,-0.5412447991994945,0.09774064977152006,0.15683212049122225,1.0033333,104.97083,-1,crowd_sourced,"b'\x01\x01\x00\x00\x00\x00\x00\x00 "">Z@\xff\xff\xff?\xa7\r\xf0?'",Indonesian Exclusive Economic Zone,True,-0.5779432191005988,True,KIJANG,-0.578532786626913,Gunung Kijang,Ia,Not Applicable,-0.5923917542245993,False,0.6278470313003075,2016,6,25,17,36,5,1,1.0,5.5,218.0,-0.004904776472312219,0.0,0.0,0,212,-0.09969624493990945,-0.03431626446484457,-0.10871531140630948,0.0027372334573486693,0.9999962537694829,-0.9659258262890683,-0.25881904510252063,1.2246467991473532e-16,-1.0,0,-0.488054694352129,-0.6106197548514102,-0.4419828020940607,-1.649264510227804,-0.951156103670502,-0.4380937750433577,0,11.7442,79.0677
165172979135964,2015-08-28 10:25:48,-0.6512046284794214,-0.6844485582804204,1.252448284053443,-1.5747064386521454,1.5261134,125.26371,-1,false_positives,b'\x01\x01\x00\x00\x00\x00\x00\x00\xa0\xe0P_@\x00\x00\x00\xe0\xf5j\xf8?',Indonesian Exclusive Economic Zone,True,-0.5286625316225078,False,BITUNG,-0.6923467447690143,Batu Angus,V,Not Applicable,-0.752403007472005,False,0.6061087769649446,2015,8,28,10,25,4,0,119981.0,0.0,226.8,-0.003544069132378105,155.4,11.390228,0,46,1.4231448577129917,-0.03567801818503168,-0.10616634211411612,-0.02748035220912134,0.9996223438091321,0.49999999999999994,-0.8660254037844387,-0.8660254037844385,-0.5000000000000004,1,-0.8403273218473886,-0.802361051440522,-0.48405825865622165,1.4350130946115454,-0.8762761214134636,2.2826163186204402,0,11.345451,72.87703
33266086194351,2016-02-13 08:52:52,-0.39207826142299623,-0.5176194563315493,-0.943389119308986,-1.7710300213070223,1.515,125.62083,-1,crowd_sourced,b'\x01\x01\x00\x00\x00\x01\x00\x00\xa0\xbbg_@\x00\x00\x00\xa0p=\xf8?',Indonesian Exclusive Economic Zone,True,-0.5330989178948586,False,BITUNG,-0.5606484313795954,Batu Angus,V,Not Applicable,-0.5852071792014605,False,-0.4611864907688469,2016,2,13,8,52,5,1,311351.0,4.4,297.0,-0.005103670441287946,63.0,685.88446,1,158,-0.08622459944257836,-0.03411721754694627,-0.10831709551045401,-0.03090538306580162,0.9995223145570868,0.8660254037844387,-0.4999999999999998,0.8660254037844386,0.5000000000000001,0,-0.4415452130689717,-0.13115367850622225,-0.7645624455914863,-1.649264510227804,-0.9234227769086358,2.2826163186204402,0,11.3348875,71.14771
204349732031005,2016-06-02 09:43:20,0.04825188376914107,0.07310584678645272,0.9117148689762328,0.6520627624210465,2.1683333,126.62067,-1,crowd_sourced,b'\x01\x01\x00\x00\x00\x00\x00\x00\x00\xb9\xa7_@\x01\x00\x00 \xbfX\x01@',Indonesian Exclusive Economic Zone,True,-0.5138861375747146,False,TERNATE,-0.09622818446106662,Batu Angus,V,Not Applicable,-0.037857340124699886,False,-0.3403005886112192,2016,6,2,9,43,3,0,454598.0,12.0,270.0,-0.004972887008935939,4.0,881.91,0,13,-1.4008674226386062,-0.03424810155140296,-0.10869799486225737,0.011380396467227149,0.9999352411912728,0.7071067811865476,-0.7071067811865475,1.2246467991473532e-16,-1.0,0,0.3656703376452401,0.5270928909996798,-0.9985430333030151,-1.868684580990089,-0.8325961317635244,2.2826163186204402,0,10.793976,74.25547
165172979135964,2016-09-19 02:04:32,-0.6617833323909948,-0.7463537323333495,-0.8676705895202915,1.080967871949555,-6.94945,110.423836,-1,false_positives,b'\x01\x01\x00\x00\x00\x00\x00\x00  \x9b[@\xff\xff\xff\x9f<\xcc\x1b\xc0',Indonesian Exclusive Economic Zone,True,-0.5527875708828297,True,SEMARANG,-0.7395811470240578,Pagerwunung Darupono,III,Not Applicable,-0.680304261505096,False,0.6506456882861759,2016,9,19,2,4,0,0,8.0,0.3,251.8,0.1710208813224463,70.7,0.0042720884,1,140,0.8693329226623718,0.13192758321926987,15.35118069984784,0.018865329264053834,0.9998220338399023,0.49999999999999994,0.8660254037844387,-1.0,-1.8369701987210297e-16,0,-1.0268691685568014,-0.83957087531293,-0.39785488423618476,1.4350130946115454,-0.9289694422610091,-0.4380937750433577,0,10.415436,16.459051
87919276942456,2014-09-05 18:13:22,-0.6617833323909948,-0.7463537323333495,-0.943389119308986,-0.34724192575877744,-8.743,115.21251,-1,crowd_sourced,b'\x01\x01\x00\x00\x00\x00\x00\x00\xc0\x99\xcd\\@\x01\x00\x00\x80j|!\xc0',,False,-0.5732687278708427,True,BENOA,-0.7391635153826249,Ngurah Rai,VI,Part,-0.7579728551835369,False,0.650115486960923,2014,9,5,18,13,4,0,13.0,0.0,280.0,-0.004904776472312219,119.0,0.0,1,3,0.9206567490909591,-0.03431626446484457,16.619461772626742,-0.006060477805233115,0.999981635135752,-1.0,-1.8369701987210297e-16,-1.0,-1.8369701987210297e-16,0,-1.0250758377178413,-0.83957087531293,-0.3988811148840425,-0.22613320381479235,1.9760965360444633,-0.4380937750433577,0,10.323858,8.459064
23593130178765,2015-07-09 22:23:49,-0.6617833323909948,-0.7369831554229394,-0.943389119308986,0.30097963789801,1.3111566,103.72562,-1,gfw,b'\x01\x01\x00\x00\x00\x00\x00\x00\x80p\xeeY@\x01\x00\x00`\x7f\xfa\xf4?',,False,-0.4609555421902446,False,PULAU SAMBU,-0.6499656703160507,Muka Kuning,V,Not Applicable,-0.5961019310938908,False,0.6527664935871869,2015,7,9,22,23,3,0,15.0,0.0,0.0,-0.004904776472312219,125.7,0.00092561916,1,2,0.9206567490909591,-0.03431626446484457,15.35254798574523,0.005253061503077126,0.999986202577238,-0.5000000000000004,0.8660254037844384,-0.4999999999999997,-0.8660254037844388,0,-0.6958924779349741,-0.83957087531293,-0.39374996164475445,-1.1583585892003192,1.1011100767075885,-0.4380937750433577,0,9.38673,7.2605014
229319160229391,2015-01-12 23:49:02,-0.09107227019331193,-0.32498677007862375,4.451556047744545,1.111919787070169,0.01323,118.351746,-1,gfw,b'\x01\x01\x00\x00\x00\x00\x00\x00\x00\x83\x96]@\x00\x00\x00\x80T\x18\x8b?',Indonesian Exclusive Economic Zone,True,-0.5483991428488562,True,TANJUNG SANTAN,-0.40489111431414715,Kutai,II,Not Applicable,-0.3604881072450353,False,-0.643045545330541,2015,1,12,23,49,0,0,0.0,0.0,326.0,-0.004904776472312219,0.0,0.0,0,1,2.1552180098478715,-0.03431626446484457,-0.10871531140630948,0.019405443174099736,0.9998116966585342,-0.25881904510252157,0.9659258262890681,0.49999999999999994,0.8660254037844387,1,-0.10194601348090271,0.3547925601021259,-0.4125653333763359,-1.8773622109072414,0.6559901821796378,-0.4380937750433577,0,8.944721,8.444076
67346977622820,2016-06-10 11:12:35,2.02139393477658,2.1363307614966422,-0.943389119308986,0.4486644630570115,4.6,140.59833,-1,gfw,b'\x01\x01\x00\x00\x00\xff\xff\xff\x7f%\x93a@\x00\x00\x00`ff\x12@',,False,2.1025280196343403,False,JAYAPURA,2.17526505782339,Memberamo Foja,Not Reported,Not Applicable,2.3898399670189856,False,-1.6202065877713647,2016,6,10,11,12,4,0,1.0,0.7,251.3,-9.856742032418268,0.30000305,0.061204527,1,3,0.7604710862059546,9.825097027604297,0.18649081656751526,0.007830592088563033,0.9999693404437671,0.258819045102521,-0.9659258262890682,1.2246467991473532e-16,-1.0,0,1.7719573147449628,1.8060464196014987,1.4787777506251876,-1.292861852916183,1.9760965360444633,-0.4380937750433577,0,8.231262,9.7588825
67346977622820,2016-06-10 11:12:36,2.02139393477658,2.1363307614966422,-0.8108816964098732,0.4513175113409924,4.60055,140.59834,-1,gfw,b'\x01\x01\x00\x00\x00\x00\x00\x00\xa0%\x93a@\x00\x00\x00\xa0\xf6f\x12@',,False,2.102949048530168,False,JAYAPURA,2.1754905171258465,Memberamo Foja,Not Reported,Not Applicable,2.390083413763643,False,-1.621797191747123,2016,6,10,11,12,4,0,1.0,0.0,251.0,9.846932479473644,0.30000305,0.061204527,0,3,0.9509793058563176,9.81527993114007,0.18649081656751526,0.007876895088248344,0.9999689767806643,0.258819045102521,-0.9659258262890682,1.2246467991473532e-16,-1.0,0,1.7720367768754743,1.8060464196014987,1.4818564425687604,-1.292861852916183,1.9760965360444633,-0.4380937750433577,0,8.0597515,9.767617
33266086194351,2015-07-30 21:19:30,-0.1606049878658793,-0.15761430314349625,-0.943389119308986,-0.9043763979298296,1.5016667,123.60416,-1,crowd_sourced,b'\x01\x01\x00\x00\x00\x01\x00\x00\x80\xaa\xe6^@\x00\x00\x00\xa0\xd3\x06\xf8?',Indonesian Exclusive Economic Zone,True,-0.28805774806596984,False,GORONTALO,-0.274665122829937,Bogani Nani Wartabone,II,Not Applicable,-0.41620638039200547,False,-1.2146025739530086,2015,7,30,21,19,3,0,61875.0,7.9,120.0,-0.006701706194895065,22.0,790.6344,1,143,-0.8871529275073291,-0.03251795290817987,-0.10801558199859503,-0.015783690396052805,0.9998754297998734,-0.7071067811865477,0.7071067811865474,-0.4999999999999997,-0.8660254037844388,0,0.11952109172184017,0.2586419803450824,0.6937113050141372,-1.649264510227804,-0.7244361573922466,2.2826163186204402,0,7.969386,44.125206
87919276942456,2014-09-05 18:11:34,-0.6617833323909948,-0.7463537323333495,-0.943389119308986,0.39560403713595893,-8.743,115.21251,-1,crowd_sourced,b'\x01\x01\x00\x00\x00\x00\x00\x00\xc0\x99\xcd\\@\x01\x00\x00\x80j|!\xc0',,False,-0.5732687278708427,True,BENOA,-0.7391635153826249,Ngurah Rai,VI,Part,-0.7579728551835369,False,0.650115486960923,2014,9,5,18,11,4,0,8.0,0.0,310.0,-0.004904776472312219,65.0,0.0,1,3,0.9206567490909591,-0.03431626446484457,14.10476869402351,0.006904538121426435,0.999976163392573,-1.0,-1.8369701987210297e-16,-1.0,-1.8369701987210297e-16,0,-1.0250758377178413,-0.83957087531293,-0.3988811148840425,-0.22613320381479235,1.9760965360444633,-0.4380937750433577,0,7.764063,8.6445265
87919276942456,2016-10-01 02:53:52,-0.6617833323909948,-0.7463537323333495,-0.943389119308986,0.27444942493748375,-8.743689,115.21225,-1,crowd_sourced,b'\x01\x01\x00\x00\x00\x00\x00\x00\x80\x95\xcd\\@\x00\x00\x00\xc0\xc4|!\xc0',,False,-0.5727675448859163,True,BENOA,-0.7393466061174546,Ngurah Rai,VI,Part,-0.7578769130879451,False,0.650115486960923,2016,10,1,2,53,5,1,8.0,0.0,166.7,-0.004904776472312219,64.600006,0.0015189648,1,7,0.9206567490909591,-0.03431626446484457,14.01730181045983,0.004790027777816491,0.9999885277511377,0.49999999999999994,0.8660254037844387,-0.8660254037844386,0.5000000000000001,0,-1.0258616846205675,-0.83957087531293,-0.3988811148840425,-0.22613320381479235,-0.0969696394050265,-0.4380937750433577,0,7.5305815,6.9710264
33266086194351,2016-08-08 01:03:24,-0.6617833323909948,-0.4859162578515628,1.2713778079023188,1.0323291481885901,0.8433333,123.42083,-1,crowd_sourced,b'\x01\x01\x00\x00\x00\x00\x00\x00\xe0\xee\xda^@\x00\x00\x00 \x96\xfc\xea?',,False,-0.33372001675781393,False,GORONTALO,-0.5359968652687781,Bogani Nani Wartabone,II,Not Applicable,-0.6797738293943149,False,0.8367463534498921,2016,8,8,1,3,0,0,28316.0,12.0,320.0,-0.005053887181350368,3.0,707.69806,0,235,-1.3185633551126277,-0.034167039090075686,-0.10850681253100279,0.018016567771350696,0.9998376884703538,0.25881904510252074,0.9659258262890683,-0.8660254037844385,-0.5000000000000004,1,-0.3804493944864853,-0.83957087531293,-0.037647926838173536,-1.649264510227804,-0.9525427700085952,2.2826163186204402,0,7.5000424,44.468853
165172979135964,2016-04-18 00:45:06,-0.6512046284794214,-0.7172529227179613,3.145411500563454,-1.2395414351584428,-8.01917,131.24786,-1,false_positives,b'\x01\x01\x00\x00\x00\x00\x00\x00\x80\xeeg`@\x01\x00\x00\xa0\xd0\t \xc0',Indonesian Exclusive Economic Zone,True,-0.5267488089250464,False,SAUMLAKI,-0.7165846368997412,Pulau Angwarmase,Ia,Part,-0.6946528458432594,False,0.6453436750336483,2016,4,18,0,45,0,0,1.0,21.0,60.0,8.439532669828797,0.099998474,0.1605602,0,106,-2.9492457209362457,8.406797834859683,-0.01031577121626521,-0.02163239171934327,0.99976599243448,0.0,1.0,0.8660254037844387,-0.4999999999999998,1,-0.9321643876496987,-0.802361051440522,-0.4081171907147606,1.4350130946115454,-0.9116361130348428,-0.4380937750433577,0,7.3847275,20.376638
33266086194351,2016-04-25 07:18:38,-0.6617833323909948,-0.16620312399216497,-0.22406310606153382,-1.461510870100882,0.51,124.30416,-1,crowd_sourced,b'\x01\x01\x00\x00\x00\x01\x00\x00`w\x13_@\x00\x00\x00\x80\xebQ\xe0?',,False,-0.29544660193645933,False,MANADO,-0.28373129276446263,Bogani Nani Wartabone,II,Not Applicable,-0.7201078841010979,False,0.8834040700721343,2016,4,25,7,18,0,0,225406.0,1.0,257.0,-0.004729948163427513,138.0,509.05313,0,187,0.8564282499649629,-0.034491227216224524,-0.10751043806581098,-0.025505410605126476,0.9996746840997145,0.9659258262890683,-0.25881904510252063,0.8660254037844387,-0.4999999999999998,0,0.10544438147314236,-0.83957087531293,0.05266037017329348,-1.649264510227804,-0.9539294363466886,2.2826163186204402,0,7.1307917,43.709213
165172979135964,2016-10-09 01:26:32,-0.5645397805287221,0.1703442261150367,1.839266772855322,-1.2979078901776364,-4.938265,115.50685,-1,false_positives,b'\x01\x01\x00\x00\x00\x00\x00\x00@p\xe0\\@\x00\x00\x00\x80\xc8\xc0\x13\xc0',Indonesian Exclusive Economic Zone,True,-0.5523800924773625,True,STAGEN,-0.02166857544379096,Pleihari Tanah Laut,V,Part,-0.25959311611145264,False,0.6315584405770768,2016,10,9,1,26,6,1,31.0,0.8,123.4,6.3057190492774495,69.9,395.69324,0,142,1.3743611088884093,6.271343317422865,4.190180290428554,-0.022650828751367428,0.9997434370661686,0.25881904510252074,0.9659258262890683,-0.8660254037844386,0.5000000000000001,1,0.45438695311943456,-0.534248122912404,-0.43479918755905766,1.4350130946115454,-0.7882228089445387,-0.4380937750433577,0,7.014263,15.365247
165172979135964,2016-08-29 00:12:09,-0.6617833323909948,-0.7078427926956038,-0.943389119308986,-1.6896707032481537,-10.215937,123.522896,-1,false_positives,b'\x01\x01\x00\x00\x00\xff\xff\xff\x1fw\xe1^@\x00\x00\x00@\x8fn$\xc0',Indonesian Exclusive Economic Zone,True,-0.5359121847839224,False,KUPANG,-0.7104499317617593,Teluk Kupang,V,Part,-0.7416991700892873,False,0.6289074339508129,2016,8,29,0,12,0,0,161112.0,20.1,167.0,-0.006660626316938504,157.8,9.444545,1,132,-3.6789603079465842,-0.03255906437645113,-0.10678775939012129,-0.029486042714783146,0.999565192113562,0.0,1.0,-0.8660254037844385,-0.5000000000000004,0,-0.908198180251735,-0.83957087531293,-0.4399303407983457,1.4350130946115454,-0.8291294659182912,2.2826163186204402,0,6.452512,18.304472
87919276942456,2016-10-02 14:19:32,-0.6617833323909948,-0.7463537323333495,-0.943389119308986,0.13118630193856995,-8.743669,115.212265,-1,crowd_sourced,b'\x01\x01\x00\x00\x00\x01\x00\x00\xc0\x95\xcd\\@\x00\x00\x00 \xc2|!\xc0',,False,-0.5727803464275255,True,BENOA,-0.7393433280696939,Ngurah Rai,VI,Part,-0.7578837097229024,False,0.650115486960923,2016,10,2,14,19,6,1,9.0,0.0,150.1,-0.004904776472312219,65.0,0.0036461635,1,7,0.9206567490909591,-0.03431626446484457,12.683420105795436,0.002289630901808217,0.9999973787917313,-0.4999999999999997,-0.8660254037844388,-0.8660254037844386,0.5000000000000001,0,-1.025847610002771,-0.83957087531293,-0.3988811148840425,-0.22613320381479235,-0.0969696394050265,-0.4380937750433577,0,6.384287,7.495154
87919276942456,2016-10-01 21:16:43,-0.6617833323909948,-0.7463537323333495,-0.9244594868618123,-1.0458708670526367,-8.743667,115.21233,-1,crowd_sourced,b'\x01\x01\x00\x00\x00\x01\x00\x00\xe0\x96\xcd\\@\xff\xff\xff\xdf\xc1|!\xc0',,False,-0.5727660929579428,True,BENOA,-0.7393584808436415,Ngurah Rai,VI,Part,-0.7579163080271054,False,0.650115486960923,2016,10,1,21,16,5,1,20.0,0.0,310.0,0.06546548926708792,132.0,0.0,1,7,0.9249885430529006,0.026291019353777697,12.261701087656236,-0.01825287648456601,0.9998334023726348,-0.7071067811865477,0.7071067811865474,-0.8660254037844386,0.5000000000000001,0,-1.0259126713977211,-0.83957087531293,-0.3988811148840425,-0.22613320381479235,-0.0969696394050265,-0.4380937750433577,0,6.204595,8.043447
165172979135964,2016-09-07 00:58:42,-0.6617833323909948,-0.6615267077307486,-0.9244594868618123,-0.8796148388454101,-8.73604,116.04883,-1,false_positives,b'\x01\x01\x00\x00\x00\x00\x00\x00\x00 \x03]@\xff\xff\xff?\xdax!\xc0',Indonesian Exclusive Economic Zone,True,-0.4299994610992528,False,AMPENAN,-0.6721302676157683,Pelangan,V,Not Applicable,-0.6964943006209386,False,0.647994681659912,2016,9,7,0,58,2,0,317969.0,20.8,245.1,-0.005821006991733789,144.3,57.342693,1,135,-3.834813917714813,-0.03339932936663917,-0.10782219126345353,-0.015351572037176497,0.9998821576745869,0.0,1.0,-1.0,-1.8369701987210297e-16,0,-0.7691013777279472,-0.83957087531293,-0.4029860374754728,1.4350130946115454,-0.9109427798657961,2.2826163186204402,0,6.126873,13.546836
165172979135964,2016-01-05 11:05:58,-0.654303058960095,-0.6573332439631454,3.1075520918116215,0.6847834663574085,1.21101,104.10988,-1,false_positives,b'\x01\x01\x00\x00\x00\x00\x00\x00@\x08\x07Z@\xff\xff\xff\xffK`\xf3?',Indonesian Exclusive Economic Zone,True,-0.5760875116121583,True,TANJUNGUBAN,-0.6691367940791337,Muka Kuning,V,Not Applicable,-0.6998090977332587,False,0.6405718631063735,2016,1,5,11,5,1,0,27865.0,0.0,244.9,0.005903934764065007,32.80002,29.208975,0,79,1.847660626608509,-0.033316337823076,-0.10639882831610478,0.011951441614942496,0.9999285789711806,0.258819045102521,-0.9659258262890682,0.49999999999999994,0.8660254037844387,1,-0.75892984321943,-0.8131413891904231,-0.41735326654547894,1.4350130946115454,-0.9345161076133823,2.2826163186204402,0,6.0737896,14.399582
165172979135964,2015-05-20 06:59:44,-0.6617833323909948,-0.5243949893424921,-0.9244594868618123,-0.42064220860416174,-8.131452,114.40152,-1,false_positives,b'\x01\x01\x00\x00\x00\x00\x00\x00\x80\xb2\x99\\@\x00\x00\x00\xa0MC \xc0',,False,-0.5784871386817169,True,CELUKAN BAWANG,-0.5647646193689027,Bali Barat,II,Not Reported,-0.7503300603070828,False,0.64375307105789,2015,5,20,6,59,2,0,168511.0,21.2,209.9,-0.006667050417585442,57.199997,1.4205924,1,15,-3.926348932956396,-0.03255263533568823,-0.10804728312643906,-0.007341525562482688,0.9999730506380736,1.0,6.123233995736766e-17,0.49999999999999994,-0.8660254037844387,0,-0.4520796871580473,-0.83957087531293,-0.4111958826583334,1.4350130946115454,-0.3389429154023081,2.2826163186204402,0,5.835097,14.063544
67346977622820,2016-06-09 04:03:36,1.3554233439104728,1.7469713710865453,0.7602777755500238,-0.8690027806491278,5.625,140.86,-1,gfw,b'\x01\x01\x00\x00\x00\x00\x00\x00 \x85\x9ba@\x00\x00\x00\x00\x00\x80\x16@',,False,2.977688517191888,False,JAYAPURA,2.5959213233340614,Memberamo Foja,Not Reported,Not Applicable,2.8893005268380456,False,-1.4871260551329237,2016,6,9,4,3,3,0,2.0,10.1,101.7,-7.745636865237777,0.30000305,0.2224927,0,3,-1.0007322055676697,7.712368426277373,0.08808876902194106,-0.01516637824518945,0.999884983871107,0.8660254037844386,0.5000000000000001,1.2246467991473532e-16,-1.0,0,1.9111895151303246,1.5052167148804327,1.2211938580129345,-1.292861852916183,1.9760965360444633,-0.4380937750433577,0,5.7093787,12.458787
23593130178765,2015-07-12 09:43:55,-0.6468227855291951,-0.7317210810174554,-0.8866002205570976,-1.1272301598103225,1.242425,103.81267,-1,gfw,b'\x01\x01\x00\x00\x00\x00\x00\x00\xc0\x02\xf4Y@\xff\xff\xff\xff\xf8\xe0\xf3?',,False,-0.5174103160157905,False,PULAU SAMBU,-0.6952702392248067,Muka Kuning,V,Not Applicable,-0.648669896724364,False,0.6432228697326373,2015,7,12,9,43,6,1,8.0,0.2,20.4,0.17102090753741372,52.4,0.0017784657,1,2,0.8878847975852693,0.13192760945439652,11.349539339556504,-0.0196726085743808,0.9998064755100755,0.7071067811865476,-0.7071067811865475,-0.4999999999999997,-0.8660254037844388,0,-0.851012945653208,-0.7872777132272638,-0.4122221133061909,-1.1583585892003192,1.1011100767075885,-0.4380937750433577,0,5.642874,8.744544
67346977622820,2016-06-09 00:03:33,1.341617459275094,1.6232562146896572,-0.8487409584834854,-0.1146603651502353,5.7334332,140.61987,-1,gfw,b'\x01\x01\x00\x00\x00\x00\x00\x00\x00\xd6\x93a@\xfe\xff\xff\x1f\t\xef\x16@',,False,2.9895404988688163,False,JAYAPURA,2.640168344806285,Memberamo Foja,Not Reported,Not Applicable,2.8957725837264383,False,-1.0831126452903261,2016,6,9,0,3,3,0,0.0,0.0,193.0,-0.004904776472312219,5.699997,0.16964017,0,3,0.9423157185779223,-0.03431626446484457,11.10899743313996,-0.0020011995576742735,0.9999979975981603,0.0,1.0,1.2246467991473532e-16,-1.0,0,1.9248763478093172,1.4981144587492246,0.43920610434545737,-1.292861852916183,1.9760965360444633,-0.4380937750433577,0,5.4411287,9.956822
23593130178765,2015-07-09 06:07:15,-0.6617833323909948,-0.7369831554229394,-0.943389119308986,-1.7710300213070223,1.3111933,103.72559,-1,gfw,b'\x01\x01\x00\x00\x00\x00\x00\x00 p\xeeY@\x00\x00\x00\xe0\xa5\xfa\xf4?',,False,-0.46093413693219426,False,PULAU SAMBU,-0.6499488919132932,Muka Kuning,V,Not Applicable,-0.5960831404942483,False,0.6527664935871869,2015,7,9,6,7,3,0,29.0,0.0,168.3,-0.004904776472312219,168.3,0.002718266,1,2,0.9206567490909591,-0.03431626446484457,10.931881826814633,-0.03090538306580162,0.9995223145570868,1.0,6.123233995736766e-17,-0.4999999999999997,-0.8660254037844388,0,-0.6958388344461854,-0.83957087531293,-0.39374996164475445,-1.1583585892003192,1.1011100767075885,-0.4380937750433577,0,5.3755264,9.154901
165172979135964,2016-04-04 14:57:45,-0.654303058960095,-0.7405623966244594,-0.8298113218052093,1.0889268818618565,-7.96065,131.28496,-1,false_positives,b'\x01\x01\x00\x00\x00\x00\x00\x00`\x1ei`@\x00\x00\x00\xa0\xb4\xd7\x1f\xc0',Indonesian Exclusive Economic Zone,True,-0.5309005703069404,False,SAUMLAKI,-0.7313215784895037,Pulau Angwarmase,Ia,Part,-0.6699235288482113,False,0.6432228697326373,2016,4,4,14,57,0,0,10.0,1.2,13.6,-0.8493480177750489,50.200012,0.0018037707,0,101,0.6720435044026838,0.8107763513995992,8.872617885778263,0.0190042152883162,0.9998194035931066,-0.4999999999999997,-0.8660254037844388,0.8660254037844387,-0.4999999999999998,0,-0.9919250119802278,-0.8131413891904231,-0.4122221133061909,1.4350130946115454,-0.7771294782397923,-0.4380937750433577,0,5.351945,16.793575
165172979135964,2016-07-19 22:26:29,-0.6617833323909948,-0.5243949893424921,-0.9244594868618123,1.1083824793179553,-8.12972,114.400505,-1,false_positives,b'\x01\x01\x00\x00\x00\xff\xff\xff\xdf\xa1\x99\\@\x00\x00\x00\xa0jB \xc0',,False,-0.5779678101471694,True,CELUKAN BAWANG,-0.5642656189764428,Bali Barat,II,Not Reported,-0.7502078449417715,False,0.64375307105789,2016,7,19,22,26,1,0,219309.0,17.0,109.2,-0.005989326129330239,143.59999,44.555416,1,123,-2.965234764690175,-0.033230880792082536,-0.10742668897740575,0.01934371709563317,0.9998128927999099,-0.5000000000000004,0.8660254037844384,-0.4999999999999997,-0.8660254037844388,0,-0.4507973113949743,-0.83957087531293,-0.4111958826583334,1.4350130946115454,-0.9359027739514756,2.2826163186204402,0,5.2973957,17.821676
165172979135964,2016-01-14 01:56:40,-0.6617833323909948,-0.7463537323333495,-0.943389119308986,-0.5789390919594455,-6.9527082,110.42295,-1,false_positives,b'\x01\x01\x00\x00\x00\xff\xff\xff\x9f\x11\x9b[@\xff\xff\xff\xbf\x92\xcf\x1b\xc0',,False,-0.5526919410865414,True,SEMARANG,-0.7397199569441898,Pagerwunung Darupono,III,Not Applicable,-0.6813523574427078,False,0.6511758896114286,2016,1,14,1,56,3,0,227915.0,19.0,211.3,-0.00607805171055787,76.5,15.200135,1,81,-3.427239888974831,-0.033142086981123635,-0.10805474528134469,-0.01010422138306403,0.9999489510521234,0.25881904510252074,0.9659258262890683,0.49999999999999994,0.8660254037844387,0,-1.0274658620495836,-0.83957087531293,-0.3968286535883272,1.4350130946115454,-0.8984627828229563,2.2826163186204402,0,5.1780477,12.184789
33266086194351,2016-06-18 16:16:11,-0.31989310812248223,0.015131004069028259,-0.943389119308986,-1.7710300213070223,0.006666667,124.43749,-1,crowd_sourced,b'\x01\x01\x00\x00\x00\xfe\xff\xff\xdf\xff\x1b_@\x00\x00\x00\xc0\x81N{?',Indonesian Exclusive Economic Zone,True,-0.5314585174727412,False,GORONTALO,-0.14074859838563888,Bogani Nani Wartabone,II,Not Applicable,-0.49855608012442976,False,-1.2586092839489873,2016,6,18,16,16,5,1,72333.0,0.0,0.0,-0.004904776472312219,0.0,709.12384,1,210,0.9206567490909591,-0.03431626446484457,-0.10871531140630948,-0.03090538306580162,0.9995223145570868,-0.8660254037844385,-0.5000000000000004,1.2246467991473532e-16,-1.0,0,0.3091361774774271,0.004406721320487363,0.7788884487863169,-1.649264510227804,-0.9539294363466886,2.2826163186204402,0,5.1752396,45.758263
165172979135964,2015-04-27 11:56:52,-0.6617833323909948,-0.7463537323333495,-0.943389119308986,0.5167587842740753,-6.10633,106.88752,-1,false_positives,b'\x01\x01\x00\x00\x00\xff\xff\xff\x1f\xcd\xb8Z@\x00\x00\x00\xc0\xe1l\x18\xc0',,False,-0.5726683439474106,True,JAKARTA,-0.7394059306170407,Muara Angke,Ia,Not Applicable,-0.7066545874251752,False,0.6453436750336483,2015,4,27,11,56,0,0,461007.0,18.5,182.6,-0.005469561816851815,76.100006,5.098099,1,9,-3.312821556394152,-0.03375104480190721,-0.10839044416533046,0.009019019947772879,0.9999593278124774,0.258819045102521,-0.9659258262890682,0.8660254037844387,-0.4999999999999998,0,-1.0261164307387527,-0.83957087531293,-0.4081171907147606,1.4350130946115454,-0.48246288139496507,2.2826163186204402,0,5.122715,12.276723
165172979135964,2016-10-03 02:23:13,-0.6617833323909948,-0.744413022333838,-0.8866002205570976,1.0871583629253907,-7.201717,112.741974,-1,false_positives,b'\x01\x01\x00\x00\x00\x00\x00\x00\x80|/\\@\x00\x00\x00\xe0\x8e\xce\x1c\xc0',,False,-0.56725209405662,True,SURABAYA,-0.7389184531364817,Raden Suryo,VI,Not Applicable,-0.5191883955421486,False,0.6522362922619341,2016,10,3,2,23,0,0,1.171416e+06,18.1,183.0,-0.005118635744405594,140.20001,39.031593,1,141,-3.2082915954153015,-0.03410224073555112,-0.10847977056758455,0.018973354375317948,0.9998199897100221,0.49999999999999994,0.8660254037844387,-0.8660254037844386,0.5000000000000001,0,-1.0240248646564418,-0.83957087531293,-0.39477619229261196,1.4350130946115454,-0.8104094703540315,2.2826163186204402,0,5.1221023,17.426298
165172979135964,2016-01-25 00:51:59,-0.6468227855291951,-0.7088714218319653,-0.8866002205570976,-1.3350501950693554,-8.741968,115.14228,-1,false_positives,b'\x01\x01\x00\x00\x00\xff\xff\xff\x1f\x1b\xc9\\@\x00\x00\x00@\xe3{!\xc0',Indonesian Exclusive Economic Zone,True,-0.5614777379919761,True,BENOA,-0.7119409244831361,Ngurah Rai,VI,Part,-0.7444494297210188,False,0.6469342790094066,2016,1,25,0,51,0,0,2.0,0.3,49.3,-0.004904776472312219,0.0,0.0,1,84,0.8650011290231743,-0.03431626446484457,-0.10871531140630948,-0.023298913140442096,0.9997285434789156,0.0,1.0,0.49999999999999994,0.8660254037844387,0,-0.9139759452321566,-0.7872777132272638,-0.4050384987711878,1.4350130946115454,-0.921342777401496,-0.4380937750433577,0,5.1175075,12.966933
165172979135964,2016-06-11 02:32:59,-0.6243819643233539,-0.7068380984681972,1.9528446380567388,-0.9813139885274277,-1.3286067,116.86516,-1,false_positives,b'\x01\x01\x00\x00\x00\xff\xff\xff\xbf^7]@\xff\xff\xff\x1f\xf9A\xf5\xbf',Indonesian Exclusive Economic Zone,True,-0.5730565915814216,True,BALIKPAPAN,-0.7047697027209595,Bukit Soeharto,VI,Not Applicable,-0.6208087579910062,False,0.645873876358901,2016,6,11,2,32,5,1,1.644072e+06,0.0,276.1,-0.00477380105500478,173.2,827.5668,0,114,1.5834212236542793,-0.0344473406018926,-0.1085079841165868,-0.01712632276221051,0.9998533337788321,0.49999999999999994,0.8660254037844387,1.2246467991473532e-16,-1.0,1,-0.8864559460919345,-0.7128515387901311,-0.4070909600669031,1.4350130946115454,-0.9504627705014553,2.2826163186204402,0,5.0174093,21.855066
33266086194351,2016-06-14 16:34:38,-0.4195102075210661,-0.4239400803718899,-0.943389119308986,-1.7710300213070223,0.006666667,123.43749,-1,crowd_sourced,b'\x01\x01\x00\x00\x00\x00\x00\x00\xe0\xff\xdb^@\x00\x00\x00\xc0\x81N{?',Indonesian Exclusive Economic Zone,True,-0.4176676486673719,False,GORONTALO,-0.4861650405442774,Bogani Nani Wartabone,II,Not Applicable,-0.5953837401089569,False,-1.2400522375651408,2016,6,14,16,34,1,0,160822.0,0.0,0.0,-0.004904776472312219,0.0,426.36975,1,206,0.9206567490909591,-0.03431626446484457,-0.10871531140630948,-0.03090538306580162,0.9995223145570868,-0.8660254037844385,-0.5000000000000004,1.2246467991473532e-16,-1.0,0,-0.2662842142374268,-0.18693927555379633,0.7429703761113012,-1.649264510227804,-0.9539294363466886,2.2826163186204402,0,4.9995766,44.222263
165172979135964,2016-08-31 00:20:01,-0.6283305315718748,-0.7028010192003562,2.312507757509865,1.2834817769057159,-10.1191,123.50308,-1,false_positives,b'\x01\x01\x00\x00\x00\xff\xff\xff\x7f2\xe0^@\xff\xff\xff\x9f\xfa<$\xc0',Indonesian Exclusive Economic Zone,True,-0.5778680175036036,True,KUPANG,-0.7042388185241544,Teluk Kupang,V,Part,-0.7627133005621268,True,0.5907329385326148,2016,8,31,0,20,2,0,4329.0,0.0,57.7,0.05101431153026588,72.30002,10.983201,0,133,1.6657253324914636,0.011828728700480034,-0.07585435338383961,0.022399109459424395,0.9997491084744335,0.0,1.0,-0.8660254037844385,-0.5000000000000004,1,-0.8844452976607595,-0.7256191906793944,-0.5138189474440915,1.4350130946115454,-0.8998494491610497,2.2826163186204402,0,4.9443274,18.816244
165172979135964,2015-11-13 04:09:32,-0.6617833323909948,-0.6315871244882945,-0.943389119308986,0.0860848859298188,4.095,117.71333,-1,false_positives,b'\x01\x01\x00\x00\x00\xfe\xff\xff?\xa7m]@\x00\x00\x00\xa0Ga\x10@',Indonesian Exclusive Economic Zone,True,-0.30142742952085627,False,TANJUNG ARANG  (BUNYU),-0.48056018990856775,Kayan Mentarang,II,Not Applicable,-0.04521902699177506,False,0.6517060909366813,2015,11,13,4,9,4,0,2.0,0.5,220.3,-3.5234181420872215,10.300003,0.102467984,1,67,0.8062384165102804,3.486902828382995,6.648158218628417,0.001502464130401801,0.9999988713001314,0.8660254037844386,0.5000000000000001,-0.5000000000000004,0.8660254037844384,0,-0.2541427819509325,-0.83957087531293,-0.3958024229404697,1.4350130946115454,-0.9185694447253093,-0.4380937750433577,0,4.943962,19.150618
165172979135964,2016-01-11 10:22:49,-0.6162826054609429,-0.6413592294002356,2.615381583308203,0.2178515563245763,-6.751652,110.48909,-1,false_positives,b'\x01\x01\x00\x00\x00\x00\x00\x00@M\x9f[@\x00\x00\x00\x00\xb1\x01\x1b\xc0',Indonesian Exclusive Economic Zone,True,-0.5543980811804392,True,SEMARANG,-0.6556829139929787,Pagerwunung Darupono,III,Not Applicable,-0.5949645580481604,False,0.6400416617811208,2016,1,11,10,22,0,0,939.0,0.9,307.5,0.26338654021161617,82.600006,6.595575,0,80,1.5290809755624868,0.2243642710495506,0.06421930156722197,0.003802217777043102,0.9999927715438627,0.49999999999999994,-0.8660254037844387,0.49999999999999994,0.8660254037844387,1,-0.714322872654708,-0.6870771354108806,-0.41837949719333645,1.4350130946115454,-0.8984627828229563,-0.4380937750433577,0,4.9186773,17.318521
165172979135964,2015-06-27 22:53:26,-0.6283305315718748,-0.6327876768265421,-0.8866002205570976,0.5185273032105411,0.7992117,118.097855,-1,false_positives,b'\x01\x01\x00\x00\x00\x01\x00\x00@C\x86]@\x00\x00\x00`$\x93\xe9?',Indonesian Exclusive Economic Zone,True,-0.3792445044772434,False,BENOA,-0.6501258954884036,Kutai,II,Not Applicable,-0.47468493721653915,False,0.645873876358901,2015,6,27,22,53,5,1,27497.0,16.7,358.0,-0.013298946666171138,99.100006,81.372154,1,28,-2.8879203514836616,-0.025915639176878766,-0.10162276370820704,0.00904988516638959,0.9999590489507434,-0.5000000000000004,0.8660254037844384,1.2246467991473532e-16,-1.0,0,-0.6964048753994023,-0.7256191906793944,-0.4070909600669031,1.4350130946115454,-0.9220361105705426,2.2826163186204402,0,4.899129,18.39025
67346977622820,2016-06-12 23:03:41,1.6902364422518723,1.3591622636266347,-0.47014831518148326,0.07989452989362422,5.6275835,139.11667,-1,gfw,b'\x01\x01\x00\x00\x00\x00\x00\x00\xc0\xbbca@\xff\xff\xff?\xa5\x82\x16@',,False,2.6950268359251313,False,SERUI,2.552720421402652,Mapia,Not Reported,Part,2.428793234641637,False,-1.795703226430026,2016,6,12,23,3,6,1,1.0,2.0,209.0,7.032121954757508,0.30000305,0.10196051,0,3,0.5712782662030611,6.99830482476661,0.18649081656751526,0.001394422149087593,0.9999990277929625,-0.25881904510252157,0.9659258262890681,1.2246467991473532e-16,-1.0,0,1.897662810339381,1.6657918504192646,1.818460095066047,-1.292861852916183,1.9760965360444633,-0.4380937750433577,0,4.889116,9.703065
165172979135964,2015-07-11 16:56:12,-0.5449377251714139,-0.6516490348166272,2.2557186443821164,0.129417513122822,3.33668,117.96564,-1,false_positives,b'\x01\x01\x00\x00\x00\x00\x00\x00\x00\xcd}]@\xff\xff\xff?\x85\xb1\n@',Indonesian Exclusive Economic Zone,True,-0.5261719005182782,False,TANJUNG ARANG  (BUNYU),-0.666659873621959,Pulau Maratua-Karang Muaras,VI,Not Reported,-0.21497538850333425,False,0.6304980379265712,2015,7,11,16,56,5,1,175930.0,0.1,285.2,-0.003560809641919345,70.30002,82.09904,0,33,1.6298462343687097,-0.03566126480208403,-0.10792891275971964,0.0022587597930346388,0.9999974489988449,-0.8660254037844385,-0.5000000000000004,-0.4999999999999997,-0.8660254037844388,1,-0.750582842189243,-0.4810517469986834,-0.4368516488547729,1.4350130946115454,-0.9178761115562626,2.2826163186204402,0,4.8668437,18.668898
165172979135964,2016-09-16 09:31:33,-0.6512046284794214,-0.18411908281986827,-0.9244594868618123,1.0473630434846013,-5.8664684,110.4096,-1,false_positives,b'\x01\x01\x00\x00\x00\xff\xff\xff\xdf6\x9a[@\x00\x00\x00\x80Cw\x17\xc0',Indonesian Exclusive Economic Zone,True,-0.3927182183052492,False,SEMARANG,-0.29693619376195446,Kepulauan Karimun Jawa,II,Not Reported,-0.7627133005621268,True,0.6485248829851649,2016,9,16,9,31,4,0,19726.0,16.1,274.0,-0.016320413357338078,44.700012,21.368351,1,138,-2.7592818533392136,-0.022891848986023127,-0.10425591269687567,0.018278915531364154,0.9998329266667493,0.7071067811865476,-0.7071067811865475,-1.0,-1.8369701987210297e-16,0,0.08461957506552627,-0.802361051440522,-0.40195980682761506,1.4350130946115454,-0.8818227867658367,2.2826163186204402,0,4.858864,19.417793
165172979135964,2016-11-01 08:39:25,-0.6512046284794214,-0.6417602523710697,-0.943389119308986,0.8819912747456078,4.0716667,117.78,-1,false_positives,b'\x01\x01\x00\x00\x00\x00\x00\x00\x80\xebq]@\x00\x00\x00\x00cI\x10@',Indonesian Exclusive Economic Zone,True,-0.3543674608604811,False,TANJUNG ARANG  (BUNYU),-0.49379350545102213,Kayan Mentarang,II,Not Applicable,-0.013189012220060416,False,0.6442832723831428,2016,11,1,8,39,1,0,28803.0,16.0,8.0,-0.012722880949472664,68.0,70.603836,1,146,-2.7407298934907587,-0.026492147886550594,-0.10406924071917492,0.015393043767178274,0.9998815200830455,0.8660254037844387,-0.4999999999999998,-0.5000000000000004,0.8660254037844384,0,-0.28302380636117275,-0.802361051440522,-0.41016965201047584,1.4350130946115454,-0.9421427724728955,2.2826163186204402,0,4.8513565,18.55937
165172979135964,2015-08-20 21:24:12,-0.5339603664133171,-0.2711684661211052,0.9874333254258171,-1.5994679808691097,1.06979,124.00961,-1,false_positives,b'\x01\x01\x00\x00\x00\xff\xff\xff\x7f\x9d\x00_@\xff\xff\xff\x1f\xdc\x1d\xf1?',Indonesian Exclusive Economic Zone,True,-0.47605662919642916,False,MANADO,-0.36274270019353205,Bogani Nani Wartabone,II,Not Applicable,-0.6359198327629426,False,-0.825434801217488,2015,8,20,21,24,3,0,24190.0,11.3,109.9,-0.005544770868719892,90.5,136.3686,0,42,-1.2233546416076977,-0.03367577791448227,-0.10135282617406798,-0.02791235685711882,0.9996103742632331,-0.7071067811865477,0.7071067811865474,-0.8660254037844385,-0.5000000000000004,0,-0.025363726828834053,-0.4522535093948061,-0.05954199051332777,1.4350130946115454,-0.7653428143659992,2.2826163186204402,0,4.8474054,43.216007
165172979135964,2015-08-20 21:39:36,-0.5075735511923227,-0.283706423406395,1.0063630298017334,-1.5826655160342675,1.1140667,124.02556,-1,false_positives,b'\x01\x01\x00\x00\x00\xfe\xff\xff\xbf\xa2\x01_@\x00\x00\x00\xa07\xd3\xf1?',Indonesian Exclusive Economic Zone,True,-0.5053535828017867,False,MANADO,-0.37666576365340926,Bogani Nani Wartabone,II,Not Applicable,-0.6138866551252432,False,-0.8360388277225431,2015,8,20,21,39,3,0,924.0,10.2,19.4,-0.0033816047391051164,1.8999996,5.2326293,0,42,-0.9673024122140695,-0.03584060751298236,-0.1046728911451587,-0.02761921158825877,0.9996185168109097,-0.7071067811865477,0.7071067811865474,-0.8660254037844385,-0.5000000000000004,1,-0.05008640528026746,-0.38571468018030053,-0.03901737755617606,1.4350130946115454,-0.7653428143659992,-0.4380937750433577,0,4.830387,43.42641
87919276942456,2016-02-28 01:52:10,-0.6617833323909948,-0.7463537323333495,-0.943389119308986,1.3683785123552565,-8.744333,115.212,-1,crowd_sourced,b'\x01\x01\x00\x00\x00\xff\xff\xff_\x91\xcd\\@\xff\xff\xff?\x19}!\xc0',,False,-0.572300340558806,True,BENOA,-0.7394980441776365,Ngurah Rai,VI,Part,-0.7577615533688401,False,0.650115486960923,2016,2,28,1,52,6,1,32.0,0.0,174.0,-0.004904776472312219,179.0,0.0,1,6,0.9206567490909591,-0.03431626446484457,10.566306927185485,0.02388044013346589,0.9997148216261635,0.25881904510252074,0.9659258262890683,0.8660254037844386,0.5000000000000001,0,-1.0265120917512573,-0.83957087531293,-0.3988811148840425,-0.22613320381479235,-0.061609647783647234,-0.4380937750433577,0,4.81281,6.900471
165172979135964,2015-05-18 08:11:13,-0.654303058960095,-0.5284015219744733,3.0696930441138695,0.08520049152194481,-8.129093,114.4142,-1,false_positives,b'\x01\x01\x00\x00\x00\x01\x00\x00@\x82\x9a\\@\xff\xff\xff\x7f\x18B \xc0',Indonesian Exclusive Economic Zone,True,-0.5723697112336011,True,CELUKAN BAWANG,-0.5697839165157256,Bali Barat,II,Not Reported,-0.7561118695091072,False,0.6172430047952524,2015,5,18,8,11,0,0,953.0,2.6,91.8,0.26978293983017704,118.09999,9.400446,0,14,1.2440217807912064,0.2307655894820656,0.13491492387820359,0.0014870285533419537,0.9999988943724296,0.8660254037844387,-0.4999999999999998,0.49999999999999994,-0.8660254037844387,1,-0.4650611161882277,-0.8131413891904231,-0.46250741505121246,1.4350130946115454,-0.6377695112614151,-0.4380937750433577,0,4.7735734,11.70781
165172979135964,2016-01-09 03:22:44,-0.6468227855291951,-0.7405623966244594,-0.943389119308986,-0.6567610769649175,-0.51,104.575,-1,false_positives,b'\x01\x01\x00\x00\x00\x01\x00\x00\xc0\xcc$Z@\x00\x00\x00\x80\xebQ\xe0\xbf',Indonesian Exclusive Economic Zone,True,-0.3444172914907364,False,DABO,-0.7372007898260733,Hutan Bakau Pantai Timur,Ia,Part,-0.47037327772752874,False,0.6490550843104176,2016,1,9,3,22,5,1,10238.0,15.9,148.7,-0.026762311662204746,22.699997,53.355453,1,80,-2.717846139680363,-0.012441920889687406,-0.10435218332726322,-0.011462392176667424,0.999934304624853,0.7071067811865476,0.7071067811865476,0.49999999999999994,0.8660254037844387,0,-1.0166860724188702,-0.7872777132272638,-0.4009335761797575,1.4350130946115454,-0.8984627828229563,2.2826163186204402,0,4.764124,16.235764
23593130178765,2015-07-09 00:27:36,-0.6617833323909948,-0.7369831554229394,-0.943389119308986,-0.02711071635635496,1.31115,103.72564,-1,gfw,b'\x01\x01\x00\x00\x00\x01\x00\x00\xe0p\xeeY@\x01\x00\x00`x\xfa\xf4?',,False,-0.4609535903068007,False,PULAU SAMBU,-0.6499746129396283,Muka Kuning,V,Not Applicable,-0.5961127464040571,False,0.6527664935871869,2015,7,9,0,27,3,0,31.0,0.0,0.0,-0.004904776472312219,162.8,0.0011154898,1,2,0.9206567490909591,-0.03431626446484457,9.903590866280918,-0.0004731712453362066,0.99999988805448,0.0,1.0,-0.4999999999999997,-0.8660254037844388,0,-0.6959210701174209,-0.83957087531293,-0.39374996164475445,-1.1583585892003192,1.1011100767075885,-0.4380937750433577,0,4.761921,9.065895
165172979135964,2016-09-13 03:12:44,-0.6617833323909948,-0.736222836570205,-0.943389119308986,0.8872973713135696,-3.3288767,114.557,-1,false_positives,b'\x01\x01\x00\x00\x00\xff\xff\xff\xdf\xa5\xa3\\@\xfe\xff\xff\x1f\x8a\xa1\n\xc0',Indonesian Exclusive Economic Zone,True,-0.4039935048364874,False,BANJARMASIN,-0.7316045959745656,Pulau Kaget,IV,Part,-0.7570001833990604,False,0.650115486960923,2016,9,13,3,12,1,0,252076.0,17.8,343.7,-0.005898596331922198,43.100006,86.0099,1,137,-3.1526357161926817,-0.03332168036045864,-0.10837882012443266,0.015485641584287653,0.999880090263189,0.7071067811865476,0.7071067811865476,-1.0,-1.8369701987210297e-16,0,-0.9931045087726669,-0.83957087531293,-0.3988811148840425,1.4350130946115454,-0.9324361081062423,2.2826163186204402,0,4.761848,15.525738
212575426119644,2016-08-28 23:19:18,0.01027664265598438,0.45070780227966767,-0.2429927201739299,-0.31452135676205656,-10.330445,130.08292,-1,false_positives,b'\x01\x01\x00\x00\x00\xff\xff\xff?\xa7B`@\xff\xff\xff\x1f0\xa9$\xc0',,False,0.21220221473554238,False,SAUMLAKI,0.3489764735990436,Pulau Angwarmase,Ia,Part,0.43720835244378714,False,0.5917933411831202,2016,8,28,23,19,6,1,1228.0,3.8,146.1,-0.006050870987842637,18.59999,2.3520613,0,167,0.21135380865867284,-0.03316928860574089,-0.07893079614025093,-0.005489405673727827,0.9999849330991689,-0.25881904510252157,0.9659258262890681,-0.8660254037844385,-0.5000000000000004,0,0.8139164583132832,0.48251206647823974,-0.5117664861483765,0.39927598092855643,-0.9241161100776825,-0.4380937750433577,0,4.753313,29.26076
87919276942456,2016-10-01 21:18:53,-0.6617833323909948,-0.7463537323333495,-0.943389119308986,0.38322332506356976,-8.743682,115.21224,-1,crowd_sourced,b'\x01\x01\x00\x00\x00\xff\xff\xff_\x95\xcd\\@\x00\x00\x00\xe0\xc3|!\xc0',,False,-0.5727747393273018,True,BENOA,-0.7393425623982677,Ngurah Rai,VI,Part,-0.757873135420413,False,0.650115486960923,2016,10,1,21,18,5,1,30.0,0.0,81.0,-0.004904776472312219,162.6,0.009168525,1,7,0.9206567490909591,-0.03431626446484457,10.213871860868126,0.00668845892322272,0.9999776320084527,-0.7071067811865477,0.7071067811865474,-0.8660254037844386,0.5000000000000001,0,-1.02584432254332,-0.83957087531293,-0.3988811148840425,-0.22613320381479235,-0.0969696394050265,-0.4380937750433577,0,4.749868,8.13037
165172979135964,2015-08-20 21:55:16,-0.47658046926737146,-0.30193509632654825,1.0063630298017334,-1.6118487435438644,1.1568934,124.04072,-1,false_positives,b'\x01\x01\x00\x00\x00\x01\x00\x00 \x9b\x02_@\x00\x00\x00\xa0\xa2\x82\xf2?',Indonesian Exclusive Economic Zone,True,-0.5337749074661365,False,MANADO,-0.3895589496524373,Bogani Nani Wartabone,II,Not Applicable,-0.592507734832311,False,-0.6022200432860791,2015,8,20,21,55,3,0,940.0,10.3,21.3,-0.004904776472312219,3.2999992,5.0516667,0,42,-0.9901861660244654,-0.03431626446484457,-0.1018136457704489,-0.028128357084062288,0.9996043194823397,-0.7071067811865477,0.7071067811865474,-0.8660254037844385,-0.5000000000000004,1,-0.07347787096365918,-0.3119706484550983,-0.49158509326136957,1.4350130946115454,-0.7653428143659992,-0.4380937750433577,0,4.738132,43.414
165172979135964,2015-11-23 01:40:25,-0.6617833323909948,-0.744413022333838,-0.943389119308986,0.36907382417543266,-1.2683333,116.80666,-1,false_positives,b'\x01\x01\x00\x00\x00\x00\x00\x00`\xa03]@\x00\x00\x00\xe0\x17K\xf4\xbf',Indonesian Exclusive Economic Zone,True,-0.5468771035955462,True,BALIKPAPAN,-0.733983406577111,Bukit Soeharto,VI,Not Applicable,-0.6261976533524569,False,0.6517060909366813,2015,11,23,1,40,0,0,157524.0,16.0,158.0,-0.0063343037338243905,84.0,135.21666,1,70,-2.7407298934907587,-0.0328856379007464,-0.10766586684484035,0.006441508867662412,0.9999792532665405,0.25881904510252074,0.9659258262890683,-0.5000000000000004,0.8660254037844384,0,-1.0030678264626531,-0.83957087531293,-0.3958024229404697,1.4350130946115454,-0.901236115499143,2.2826163186204402,0,4.733897,20.486103
165172979135964,2015-06-01 03:07:56,-0.654303058960095,-0.736222836570205,-0.12941490010427323,1.2631420549210253,-7.190767,112.75144,-1,false_positives,b'\x01\x01\x00\x00\x00\x00\x00\x00\xa0\x170\\@\x00\x00\x00`X\xc3\x1c\xc0',Indonesian Exclusive Economic Zone,True,-0.5776053221886461,True,SURABAYA,-0.7341994091342039,Raden Suryo,VI,Not Applicable,-0.5129101671083751,False,0.6426926684073845,2015,6,1,3,7,0,0,514.0,21.3,84.7,-0.47038901027342045,101.599976,3.38555,0,19,-3.7672968984073063,0.43152592544926405,0.2795388096086361,0.02204420200318714,0.9997569970538054,0.7071067811865476,0.7071067811865476,1.2246467991473532e-16,-1.0,0,-1.0039769313530513,-0.8131413891904231,-0.41324834395404864,1.4350130946115454,-0.8520094604968307,-0.4380937750433577,0,4.7319355,20.844046
165172979135964,2016-01-23 23:40:43,-0.6094214192878377,-0.5474040552046446,2.5585928312345345,0.43805240486072927,-8.595805,115.58236,-1,false_positives,b'\x01\x01\x00\x00\x00\x00\x00\x00`E\xe5\\@\x00\x00\x00`\r1!\xc0',Indonesian Exclusive Economic Zone,True,-0.5630430657107642,True,BENOA,-0.5800540405924484,Bangko-bangko,V,Part,-0.6264379763575437,False,0.41311549457294255,2016,1,23,23,40,5,1,157110.0,0.3,244.5,-0.003274404261996189,5.300003,53.744225,0,83,1.6533876178322509,-0.03594789042696736,-0.10864892193600867,0.00764538227799104,0.9999707736378216,-0.25881904510252157,0.9659258262890681,0.49999999999999994,0.8660254037844387,1,-0.49210148123537645,-0.6656650611007303,-0.8576062144763814,1.4350130946115454,-0.949076104163362,2.2826163186204402,0,4.72358,10.555256
165172979135964,2015-09-20 01:45:57,-0.29616702716138826,-0.20390239465146262,2.104281731482948,-1.150223065018635,-0.41942668,121.18981,-1,false_positives,b'\x01\x01\x00\x00\x00\xff\xff\xff\xdf%L^@\x01\x00\x00\x00\xe3\xd7\xda\xbf',Indonesian Exclusive Economic Zone,True,0.6583967639448077,False,POSO,-0.31569507159002286,Kepulauan Togean,II,Part,-0.576413807368234,False,0.32298126927997456,2015,9,20,1,45,6,1,76750.0,0.5,236.8,-0.002044121812253588,166.6,119.63867,0,57,1.503657250514983,-0.037179118960576234,-0.10444341541938193,-0.020073831218280085,0.9997985003490554,0.25881904510252074,0.9659258262890683,-1.0,-1.8369701987210297e-16,1,0.054353307703558826,0.045835918227764616,-1.0320654246121703,1.4350130946115454,-0.917182778387216,2.2826163186204402,0,4.714702,24.570807
165172979135964,2016-08-31 05:16:44,-0.5400133052818504,-0.14807310078278696,-0.9055298544146387,1.0226013494605406,-9.110824,124.02561,-1,false_positives,"b'\x01\x01\x00\x00\x00\xff\xff\xff\x9f\xa3\x01_@\xff\xff\xff\xdf\xbd8""\xc0'",Indonesian Exclusive Economic Zone,True,-0.5468069977910777,True,KUPANG,-0.26901568904467626,Gunung Mutis,Not Reported,Not Applicable,-0.54962915273339,False,-1.1785488838358216,2016,8,31,5,16,2,0,392.0,14.4,359.1,-0.5147301596124194,43.200012,0.8137595,1,133,-2.365927554014444,0.47590117301181345,0.10761681635964422,0.017846812953313057,0.9998407329507082,0.9659258262890683,0.25881904510252074,-0.8660254037844385,-0.5000000000000004,0,0.12820405518547384,-0.4680479522587485,0.6239276209598219,1.4350130946115454,-0.8998494491610497,-0.4380937750433577,0,4.6657667,22.556799
165172979135964,2016-09-17 06:02:49,-0.6283305315718748,-0.4639718767714539,2.0474927988822396,0.3062855995263306,-6.459998,110.65736,-1,false_positives,b'\x01\x01\x00\x00\x00\xff\xff\xff\x1f\x12\xaa[@\xfe\xff\xff\xbf\t\xd7\x19\xc0',Indonesian Exclusive Economic Zone,True,-0.5651724802639877,True,SEMARANG,-0.5181894530349384,Keling II/III,III,Not Applicable,-0.6763157356414794,False,0.6400416617811208,2016,9,17,6,2,5,1,59407.0,0.0,319.0,-0.0011616141859497585,84.100006,71.488785,0,139,1.6050801931412426,-0.03806230523285057,-0.10592931339219946,0.005345666703087367,0.9999857118216737,1.0,6.123233995736766e-17,-1.0,-1.8369701987210297e-16,1,-0.3383026544524803,-0.7256191906793944,-0.41837949719333645,1.4350130946115454,-0.9345161076133823,2.2826163186204402,0,4.6298065,17.631886
165172979135964,2016-01-25 00:51:57,-0.6468227855291951,-0.7088714218319653,-0.8866002205570976,-1.3350501950693554,-8.741968,115.14228,-1,false_positives,b'\x01\x01\x00\x00\x00\xff\xff\xff\x1f\x1b\xc9\\@\x00\x00\x00@\xe3{!\xc0',Indonesian Exclusive Economic Zone,True,-0.5614777379919761,True,BENOA,-0.7119409244831361,Ngurah Rai,VI,Part,-0.7444494297210188,False,0.6469342790094066,2016,1,25,0,51,0,0,90674.0,18.5,249.8,-0.007729707299943626,159.5,51.0331,1,84,-3.2998261741855845,-0.031489161273070346,-0.10525350478399577,-0.023298913140442096,0.9997285434789156,0.0,1.0,0.49999999999999994,0.8660254037844387,0,-0.9139759452321566,-0.7872777132272638,-0.4050384987711878,1.4350130946115454,-0.921342777401496,2.2826163186204402,0,4.6290665,8.445776
165172979135964,2016-01-09 00:32:06,-0.5339603664133171,-0.507358971293017,2.0664223227311154,-0.45601582588486345,-0.13535333,104.275185,-1,false_positives,b'\x01\x01\x00\x00\x00\x00\x00\x00\xa0\x9c\x11Z@\x00\x00\x00\x00BS\xc1\xbf',Indonesian Exclusive Economic Zone,True,-0.49479748878068464,False,DABO,-0.5517488606734753,Hutan Bakau Pantai Timur,Ia,Part,-0.336256281933143,False,0.6405718631063735,2016,1,9,0,32,5,1,21489.0,0.0,261.0,0.005508804752443243,112.3,132.38359,0,80,1.6094119622519119,-0.033711771688604765,-0.09843105178796858,-0.00795889357582172,0.9999683275049509,0.0,1.0,0.49999999999999994,0.8660254037844387,1,-0.4191021341160752,-0.4522535093948061,-0.41735326654547894,1.4350130946115454,-0.8984627828229563,2.2826163186204402,0,4.601726,19.981249
87919276942456,2016-10-03 00:33:43,-0.6617833323909948,-0.7463537323333495,-0.943389119308986,0.44247410702081696,-8.743657,115.21225,-1,crowd_sourced,b'\x01\x01\x00\x00\x00\x00\x00\x00\x80\x95\xcd\\@\xff\xff\xff\x9f\xc0|!\xc0',,False,-0.5727931815711869,True,BENOA,-0.7393358961435768,Ngurah Rai,VI,Part,-0.757876185559864,False,0.650115486960923,2016,10,3,0,33,0,0,29.0,0.0,96.4,-0.004904776472312219,153.9,9.49353e-05,1,7,0.9206567490909591,-0.03431626446484457,9.98723085081264,0.007722553260889982,0.9999701806409693,0.0,1.0,-0.8660254037844386,0.5000000000000001,0,-1.0258157009586362,-0.83957087531293,-0.3988811148840425,-0.22613320381479235,-0.0969696394050265,-0.4380937750433577,0,4.5941296,8.2307
165172979135964,2016-11-06 00:10:40,-0.6181662195912317,-0.7210385344473217,-0.943389119308986,1.2091972345920987,3.235,117.56834,-1,false_positives,b'\x01\x01\x00\x00\x00\xff\xff\xff\x9f_d]@\x00\x00\x00\xa0G\xe1\t@',Indonesian Exclusive Economic Zone,True,-0.5356088215768279,False,LINGKAS,-0.7188804486804847,Pulau Maratua-Karang Muaras,VI,Not Reported,-0.131123786704718,False,0.6453436750336483,2016,11,6,0,10,6,1,77495.0,16.1,23.5,-0.007828736387386286,46.5,119.26532,1,148,-2.7636136473011548,-0.0313900560325281,-0.10753443790750537,0.02110290643343027,0.9997773088743622,0.0,1.0,-0.5000000000000004,0.8660254037844384,0,-0.9412669845663099,-0.6930224352372261,-0.4081171907147606,1.4350130946115454,-0.9164894452181693,2.2826163186204402,0,4.5877023,15.556535
165172979135964,2016-11-04 23:49:37,-0.6393425130114371,-0.6336260163445492,1.8960557054560305,-0.6037006510438649,4.056667,117.776665,-1,false_positives,b'\x01\x01\x00\x00\x00\x00\x00\x00\xe0\xb4q]@\xff\xff\xff\xdf\x06:\x10@',Indonesian Exclusive Economic Zone,True,-0.34905411660397484,False,TANJUNG ARANG  (BUNYU),-0.49978819883190023,Kayan Mentarang,II,Not Applicable,-0.014490302285127888,False,0.6448134737083956,2016,11,4,23,49,4,0,292394.0,0.0,133.0,-0.0041827684991554105,1.0,1.5280024,0,147,1.57042583369986,-0.035038827660174035,-0.10870858071378539,-0.010536369098110317,0.9999444909224854,-0.25881904510252157,0.9659258262890681,-0.5000000000000004,0.8660254037844384,1,-0.2963562891438292,-0.7619561313238958,-0.4091434213626181,1.4350130946115454,-0.9234227769086358,2.2826163186204402,0,4.5303187,21.077059
165172979135964,2015-04-20 02:24:56,-0.654303058960095,-0.7169296046967208,2.5964522399863665,-1.6737525737850925,1.0518984,104.147514,-1,false_positives,b'\x01\x01\x00\x00\x00\x00\x00\x00\xe0p\tZ@\x01\x00\x00`\x93\xd4\xf0?',Indonesian Exclusive Economic Zone,True,-0.5594688608200097,True,TANJUNGUBAN,-0.7136230884122224,Pulau Rempang,VI,Part,-0.7144035692813291,False,0.6490550843104176,2015,4,20,2,24,0,0,405035.0,1.4,196.1,-0.004303640440177384,174.9,24.000225,0,7,1.4103309151823444,-0.034917862768957315,-0.10786549355005597,-0.02920833861047713,0.9995733454607599,0.49999999999999994,0.8660254037844387,0.8660254037844387,-0.4999999999999998,1,-0.9205305326779262,-0.8131413891904231,-0.4009335761797575,1.4350130946115454,-0.0969696394050265,2.2826163186204402,0,4.521292,13.341444
33266086194351,2013-07-13 22:55:56,-0.6617833323909948,-0.6054931046373264,-0.943389119308986,-1.7710300213070223,5.844,125.202,-1,crowd_sourced,b'\x01\x01\x00\x00\x00\xfe\xff\xff\x9f\xedL_@\x00\x00\x00\x80A`\x17@',,False,0.1758308086469084,False,TAHUNA,0.17805214990982052,Karakelang,IV,Not Applicable,0.2241230638555198,False,0.6124711928679776,2013,7,13,22,55,5,1,125534.0,12.3,358.0,-0.00628377223369147,2.0,377.11057,1,42,-1.8940342760408666,-0.03293620825946584,-0.10868395726935588,-0.03090538306580162,0.9995223145570868,-0.5000000000000004,0.8660254037844384,-0.4999999999999997,-0.8660254037844388,0,0.6622900795144805,-0.83957087531293,-0.4717434908819308,-1.649264510227804,-0.7653428143659992,2.2826163186204402,0,4.4866924,22.490423
165172979135964,2016-04-20 20:29:04,-0.6617833323909948,-0.744413022333838,-0.9244594868618123,-0.27826334507348083,-7.9716635,131.28511,-1,false_positives,b'\x01\x01\x00\x00\x00\x00\x00\x00\xa0\x1fi`@\x01\x00\x00\xc0\xfb\xe2\x1f\xc0',Indonesian Exclusive Economic Zone,True,-0.5390405864686681,False,SAUMLAKI,-0.7347599550116882,Pulau Angwarmase,Ia,Part,-0.6718149486728097,False,0.645873876358901,2016,4,20,20,29,2,0,9216.0,15.3,59.9,-0.028117191292000545,108.9,13.476047,1,107,-2.5762124775629975,-0.01108599936113189,-0.08546290084835163,-0.004856592467280814,0.9999882066852622,-0.8660254037844386,0.5000000000000001,0.8660254037844387,-0.4999999999999998,0,-1.0063395901800072,-0.83957087531293,-0.4070909600669031,1.4350130946115454,-0.8866761189491633,2.2826163186204402,0,4.483486,17.799318
165172979135964,2015-12-07 03:00:44,-0.5659890898465868,-0.46894728134022684,2.0853520271070316,1.1826670216315724,-0.38833332,105.10167,-1,false_positives,b'\x01\x01\x00\x00\x00\x00\x00\x00\xc0\x81FZ@\x00\x00\x00\x00t\xda\xd8\xbf',Indonesian Exclusive Economic Zone,True,-0.48555061183365494,False,DABO,-0.5191799102204832,Berbak,Not Reported,Not Applicable,-0.2573258731426012,False,0.626786628649802,2015,12,7,3,0,0,0,30058.0,0.0,266.0,0.0025869016882888443,68.0,142.23766,0,75,1.6137437726737869,-0.03663592168828879,-0.10426321986036903,0.020639967735067943,0.9997869731757337,0.7071067811865476,0.7071067811865476,-2.4492935982947064e-16,1.0,1,-0.34060565279193744,-0.5382758635160212,-0.444035263389776,1.4350130946115454,-0.935209440782429,2.2826163186204402,0,4.421688,20.511616
165172979135964,2015-09-02 10:01:54,-0.6617833323909948,-0.744413022333838,-0.9244594868618123,-1.0662107239769685,1.5075933,124.84005,-1,false_positives,b'\x01\x01\x00\x00\x00\x00\x00\x00`\xc35_@\xff\xff\xff\x1f\x1a\x1f\xf8?',Indonesian Exclusive Economic Zone,True,-0.4973711596535977,False,MANADO,-0.7383760646321711,Bunaken,II,Part,-0.7514555748933601,False,0.639511460455868,2015,9,2,10,1,2,0,1942.0,16.3,134.2,-0.12230933379783474,54.5,3.5523353,1,48,-2.805048924488705,0.08317857664675937,-0.05351349302850147,-0.018607813657945425,0.9998268596466446,0.49999999999999994,-0.8660254037844387,-1.0,-1.8369701987210297e-16,0,-1.0217022828431275,-0.83957087531293,-0.41940572784119395,1.4350130946115454,-0.6155828498519224,-0.4380937750433577,0,4.4007397,14.25307
165172979135964,2015-11-21 02:15:57,-0.5771537010984074,-0.6701584018535345,-0.943389119308986,1.315318086434204,-0.25833333,117.566666,-1,false_positives,b'\x01\x01\x00\x00\x00\xfe\xff\xff?Dd]@\xff\xff\xff\x7f\x88\x88\xd0\xbf',Indonesian Exclusive Economic Zone,True,-0.5483108778163919,True,TANJUNG SANTAN,-0.6763983400179814,Kutai,II,Not Applicable,-0.5724195603799243,False,0.6363302525043515,2015,11,21,2,15,5,1,33799.0,13.3,223.9,-0.010442955403049759,125.100006,65.69405,1,69,-2.122870941202224,-0.02877382668953359,-0.10143130475257847,0.022954614988506584,0.999736508111377,0.49999999999999994,0.8660254037844387,-0.5000000000000004,0.8660254037844384,0,-0.7837656354959796,-0.5697616758342544,-0.42556311172833955,1.4350130946115454,-0.9296627754300557,2.2826163186204402,0,4.387752,17.750296
165172979135964,2015-06-27 03:45:22,-0.6243819643233539,-0.6655405247012992,1.1956593514527345,-1.2112425345868993,-1.2814567,116.98613,-1,false_positives,b'\x01\x01\x00\x00\x00\xff\xff\xff\xbf\x1c?]@\xff\xff\xff\xbf\xd8\x80\xf4\xbf',Indonesian Exclusive Economic Zone,True,-0.557765192052466,True,BALIKPAPAN,-0.6720851802609527,Bukit Soeharto,VI,Not Applicable,-0.6640769920632366,False,0.6421624670821318,2015,6,27,3,45,5,1,42179.0,0.2,349.6,-0.001200990295828981,73.69998,4.436048,0,28,1.3643821340443145,-0.03802289884284968,-0.10527664146213397,-0.021138595689623448,0.9997765549222839,0.7071067811865476,0.7071067811865476,1.2246467991473532e-16,-1.0,1,-0.7689474875083246,-0.7128515387901311,-0.41427457460190614,1.4350130946115454,-0.9220361105705426,2.2826163186204402,0,4.3856792,26.496014
165172979135964,2016-10-08 09:43:18,-0.6617833323909948,-0.7463537323333495,-0.7919520597315971,-0.6797539147034095,-7.1947284,112.739494,-1,false_positives,b'\x01\x01\x00\x00\x00\x00\x00\x00\xe0S/\\@\xfe\xff\xff\xdff\xc7\x1c\xc0',,False,-0.5727606622236587,True,SURABAYA,-0.739194843546995,Raden Suryo,VI,Not Applicable,-0.5162607325125201,False,0.6511758896114286,2016,10,8,9,43,5,1,1320.0,0.8,123.4,-0.004904776472312219,0.0,0.0,0,142,0.772241765929459,-0.03431626446484457,-0.10871531140630948,-0.011863665602244207,0.9999296242428655,0.7071067811865476,-0.7071067811865475,-0.8660254037844386,0.5000000000000001,0,-1.0252102627474222,-0.83957087531293,-0.3968286535883272,1.4350130946115454,-0.7882228089445387,-0.4380937750433577,0,4.3844385,16.957743
165172979135964,2016-01-11 09:30:32,-0.6116041348148816,-0.6191000935147359,-0.8108816964098732,-1.0405648379544956,-6.7087665,110.484695,-1,false_positives,b'\x01\x01\x00\x00\x00\x00\x00\x00@\x05\x9f[@\x01\x00\x00\xe0\xc6\xd5\x1a\xc0',Indonesian Exclusive Economic Zone,True,-0.5746134590404697,True,SEMARANG,-0.6394167606753534,Pagerwunung Darupono,III,Not Applicable,-0.5797010360521665,False,0.637390655154857,2016,1,11,9,30,0,0,736.0,18.3,203.2,-0.3414581905388294,120.6,4.815734,0,80,-3.2367314920080017,0.30249595826406817,0.21332444747133034,-0.018160284156678603,0.9998350884417633,0.7071067811865476,-0.7071067811865475,0.49999999999999994,0.8660254037844387,0,-0.6626631942162647,-0.6724357091055206,-0.42351065043262426,1.4350130946115454,-0.8984627828229563,-0.4380937750433577,0,4.361197,12.885893
165172979135964,2015-06-01 02:28:22,-0.6512046284794214,-0.7132650150232579,2.104281731482948,-0.21105355320393218,-7.087983,112.66176,-1,false_positives,b'\x01\x01\x00\x00\x00\x00\x00\x00@Z*\\@\xff\xff\xff?\x18Z\x1c\xc0',Indonesian Exclusive Economic Zone,True,-0.5776917579775293,True,GRESIK,-0.7165314679082103,Raden Suryo,VI,Not Applicable,-0.4722822981381827,False,0.6432228697326373,2015,6,1,2,28,0,0,1888.0,0.0,358.8,0.11511231207554222,177.6,4.7971697,0,19,1.6180755830956617,0.07597602043428692,0.07631408082445915,-0.0036835710711815373,0.999993215629068,0.49999999999999994,0.8660254037844387,1.2246467991473532e-16,-1.0,1,-0.9319544541483674,-0.802361051440522,-0.4122221133061909,1.4350130946115454,-0.8520094604968307,-0.4380937750433577,0,4.346484,15.600755
33266086194351,2014-10-26 22:29:11,-0.6617833323909948,0.26696325364164797,0.4952629071859183,0.7935572315438535,0.8466667,113.1375,-1,crowd_sourced,b'\x01\x01\x00\x00\x00\xff\xff\xff\xbf\xccH\\@\x00\x00\x00\xc0\xe4\x17\xeb?',,False,2.5282164539388106,False,KUALA KAPUS,0.27118162373832577,Betung Kerihun,II,Not Applicable,-0.6763831223766412,False,0.688820183704374,2014,10,26,22,29,6,1,1.279593e+06,0.0,201.0,-0.004821185203814613,89.0,2575.7888,0,78,1.2498730811616818,-0.03439992001480088,-0.10857842904515697,0.013849743689540476,0.9999040877002824,-0.5000000000000004,0.8660254037844384,-0.8660254037844386,0.5000000000000001,0,0.7474399101824691,-0.83957087531293,-0.32396627759043894,-1.649264510227804,-0.9296627754300557,2.2826163186204402,0,4.342293,28.548002
87919276942456,2016-02-28 01:50:29,-0.6617833323909948,-0.7463537323333495,-0.943389119308986,1.1207631913903444,-8.744333,115.212,-1,crowd_sourced,b'\x01\x01\x00\x00\x00\xff\xff\xff_\x91\xcd\\@\xff\xff\xff?\x19}!\xc0',,False,-0.572300340558806,True,BENOA,-0.7394980441776365,Ngurah Rai,VI,Part,-0.7577615533688401,False,0.650115486960923,2016,2,28,1,50,6,1,10.0,0.0,23.0,-0.004904776472312219,56.0,0.0,1,6,0.9206567490909591,-0.03431626446484457,9.910299669905113,0.01955976040084678,0.9998086895866937,0.25881904510252074,0.9659258262890683,0.8660254037844386,0.5000000000000001,0,-1.0265120917512573,-0.83957087531293,-0.3988811148840425,-0.22613320381479235,-0.061609647783647234,-0.4380937750433577,0,4.3052373,7.0311236
33266086194351,2013-06-28 15:27:11,-0.6014754390138957,-0.3879669417205016,1.1578001232279425,1.315318086434204,0.16666667,104.770836,-1,crowd_sourced,b'\x01\x01\x00\x00\x00\xff\xff\xff_U1Z@\xff\xff\xff_UU\xc5?',Indonesian Exclusive Economic Zone,True,-0.5229816057639999,False,DABO,-0.45759522127088104,Gunung Kijang,Ia,Not Applicable,-0.4002827773671688,False,0.6411020644316263,2013,6,28,15,27,4,0,626023.0,1.1,186.0,-0.004679959599846224,163.0,532.95734,0,34,1.149765551092644,-0.03454125422087559,-0.1082028911250283,0.022954614988506584,0.999736508111377,-0.7071067811865471,-0.7071067811865479,1.2246467991473532e-16,-1.0,1,-0.20572665230700388,-0.6413327387026018,-0.4163270358976212,-1.649264510227804,-0.9359027739514756,2.2826163186204402,0,4.2916207,29.629236
165172979135964,2016-06-14 06:21:54,-0.640625924567848,-0.7225395222834523,2.104281731482948,-0.1880606479956196,-7.095403,112.65858,-1,false_positives,b'\x01\x01\x00\x00\x00\xff\xff\xff\x1f&*\\@\x00\x00\x00`\xb1a\x1c\xc0',Indonesian Exclusive Economic Zone,True,-0.5781869486438749,True,GRESIK,-0.7197635727447677,Raden Suryo,VI,Not Applicable,-0.4760340911882855,False,0.6432228697326373,2016,6,14,6,21,1,0,905.0,0.5,154.0,0.23769770719570474,25.0,4.3404446,0,115,1.503657250514983,0.19865568339074005,-0.054410099905364266,-0.003282271607442503,0.9999946133320394,1.0,6.123233995736766e-17,1.2246467991473532e-16,-1.0,1,-0.9447882695033126,-0.7662630834463309,-0.4122221133061909,1.4350130946115454,-0.9303561085991023,-0.4380937750433577,0,4.2771873,15.330071
33266086194351,2016-08-09 03:17:17,-0.6617833323909948,-0.24717985804732198,1.1578001232279425,1.0765461697894672,4.498833,101.8515,-1,crowd_sourced,b'\x01\x01\x00\x00\x00\xff\xff\xff\xff~vY@\xff\xff\xff\x1f\xce\xfe\x11@',,False,1.0255208544530077,False,KUALA TANJUNG,0.33060971796354394,Pulau Berkeh,Ia,Part,0.4172742960849299,False,0.7545651480357154,2016,8,9,3,17,1,0,48388.0,0.0,0.0,-0.0016762488129983134,38.0,995.6142,0,237,1.4014858882260282,-0.03754727485316995,-0.10716981986551673,0.018788169680945075,0.9998234867615583,0.7071067811865476,0.7071067811865476,-0.8660254037844385,-0.5000000000000004,1,0.7985742116016166,-0.83957087531293,-0.19671367725609878,-1.649264510227804,-0.9532361031776418,2.2826163186204402,0,4.27013,27.300364
33266086194351,2015-04-23 23:45:06,-0.6617833323909948,-0.6253195368248737,1.1767296470768185,-0.9220632065701805,3.0658333,117.489334,-1,crowd_sourced,b'\x01\x01\x00\x00\x00\x00\x00\x00@Q_]@\xff\xff\xff\x9f\xd3\x86\x08@',Indonesian Exclusive Economic Zone,True,-0.3846875920115005,False,LINGKAS,-0.6426731495438021,Pulau Semama,IV,Part,-0.17012714852163074,False,0.6522362922619341,2015,4,23,23,45,3,0,351072.0,0.0,0.0,-0.004455781973216435,96.0,909.164,0,105,1.4058176573366974,-0.0347656042394921,-0.10817716123322012,-0.01609234423011576,0.9998705098447396,-0.25881904510252157,0.9659258262890681,0.8660254037844387,-0.4999999999999998,1,-0.6728160128191026,-0.83957087531293,-0.39477619229261196,-1.649264510227804,-0.9359027739514756,2.2826163186204402,0,4.2239037,26.35991
33266086194351,2016-08-02 07:40:54,-0.6617833323909948,-0.28580142114175583,0.38168513224802164,-0.8424725676886016,2.5,115.10416,-1,crowd_sourced,b'\x01\x01\x00\x00\x00\xff\xff\xff\x7f\xaa\xc6\\@\x00\x00\x00\x00\x00\x00\x04@',,False,1.6134724994789098,False,KUALA KAPUS,-0.3782790261259841,Kayan Mentarang,II,Not Applicable,-0.7415041300211027,False,1.1707731883591261,2016,8,2,7,40,1,0,112279.0,0.0,0.0,-0.004027333864438569,105.0,1462.8547,0,232,1.223882321908446,-0.0351943818237033,-0.10687489297318713,-0.014703390325457547,0.9998918993135895,0.9659258262890683,-0.25881904510252063,-0.8660254037844385,-0.5000000000000004,0,-0.052986646418178525,-0.83957087531293,0.6088773813121025,-1.649264510227804,-0.9539294363466886,2.2826163186204402,0,4.2024217,33.28796
165172979135964,2015-05-18 01:47:20,-0.5812183213544397,-0.5919460468318898,2.123211435858864,-0.9883887389714963,-7.6253085,113.64119,-1,false_positives,b'\x01\x01\x00\x00\x00\xff\xff\xff?\ti\\@\x00\x00\x00\xe0P\x80\x1e\xc0',Indonesian Exclusive Economic Zone,True,-0.5650921142305515,True,PANARUKAN,-0.6192270507676558,Dataran Tinggi Yang,IV,Not Applicable,-0.6215803716997796,False,0.62254501804778,2015,5,18,1,47,0,0,26608.0,0.1,232.1,0.0036111687989166773,143.6,34.259754,0,14,1.5995237266604079,-0.03561086691903157,-0.09809455111267285,-0.01724978221033637,0.9998512114378298,0.25881904510252074,0.9659258262890683,0.49999999999999994,-0.8660254037844387,1,-0.6016915359545346,-0.5814313401169904,-0.4522451085726366,1.4350130946115454,-0.6377695112614151,2.2826163186204402,0,4.150854,10.934047
165172979135964,2016-04-01 01:53:13,-0.6468227855291951,-0.6940400234923758,2.312507757509865,-0.25084887264472167,-8.675792,116.04626,-1,false_positives,b'\x01\x01\x00\x00\x00\x00\x00\x00\xe0\xf5\x02]@\xff\xff\xff_\x01Z!\xc0',Indonesian Exclusive Economic Zone,True,-0.47920238541886734,False,AMPENAN,-0.6966514662911001,Pelangan,V,Not Applicable,-0.6750268754354527,False,0.6310282392518239,2016,4,1,1,53,4,0,2526.0,0.4,343.4,0.08869938889100575,171.5,13.053349,0,100,1.5741906650629478,0.04954278578347604,0.02484842380107694,-0.004378124765813606,0.9999904159658406,0.25881904510252074,0.9659258262890683,0.8660254037844387,-0.4999999999999998,1,-0.8560971590373097,-0.7872777132272638,-0.4358254182069154,1.4350130946115454,-0.8887561184563032,-0.4380937750433577,0,4.1484265,11.589264
165172979135964,2016-10-22 04:58:35,-0.5822669367803197,-0.6482826088608338,1.9528446380567388,-1.3536213306477596,5.4503684,115.16144,-1,false_positives,b'\x01\x01\x00\x00\x00\x01\x00\x00\x00U\xca\\@\x00\x00\x00`-\xcd\x15@',,False,2.0808708607849473,False,KUALA KAPUS,0.3128430107153315,Kayan Mentarang,II,Not Applicable,-0.15284713614690534,False,0.6384510578053625,2016,10,22,4,58,5,1,445082.0,0.8,123.4,-0.004446268192894689,76.2,1431.5201,0,144,1.4003518887972477,-0.0347751253358851,-0.10837837834735842,-0.023622951386056797,0.999720939146426,0.8660254037844386,0.5000000000000001,-0.8660254037844386,0.5000000000000001,1,0.7835303482076795,-0.584460331538485,-0.42145818913690924,1.4350130946115454,-0.9476894378252687,2.2826163186204402,0,4.141407,15.05406
